"arvl_dt","booking_window_range","rm_nt_cn","gst_cn","gst_cn_2","delta_tkt_cn"
"2014-10-01","30+","17508","53680","10592","0"
"2014-10-02","30+","19346","60852","13168","0"
"2014-10-03","30+","32673","106497","21775","0"
"2014-10-04","30+","35002","106643","19774","0"
"2014-10-05","30+","32179","90373","18300","0"
"2014-10-06","30+","15818","45316","9840","0"
"2014-10-07","30+","11692","35848","7107","0"
"2014-10-08","30+","17990","57081","11609","0"
"2014-10-09","30+","23801","77181","17322","0"
"2014-10-10","30+","25458","81111","19008","0"
"2014-10-11","30+","35712","117722","21654","0"
"2014-10-12","30+","27041","86187","16785","0"
"2014-10-13","30+","19664","57752","12476","0"
"2014-10-14","30+","16499","47210","9707","0"
"2014-10-15","30+","19437","59734","12522","0"
"2014-10-16","30+","19548","61475","14468","0"
"2014-10-17","30+","23153","71815","16878","0"
"2014-10-18","30+","34836","110294","20656","0"
"2014-10-19","30+","35313","106697","20633","0"
"2014-10-20","30+","18094","50238","10286","0"
"2014-10-21","30+","16031","46065","9331","0"
"2014-10-22","30+","17214","53486","11300","0"
"2014-10-23","30+","17906","56491","14033","0"
"2014-10-24","30+","20090","61595","16646","0"
"2014-10-25","30+","26183","81403","17665","0"
"2014-10-26","30+","46618","140264","25660","0"
"2014-10-27","30+","18687","54877","10579","0"
"2014-10-28","30+","15646","47747","8774","0"
"2014-10-29","30+","23532","72728","14348","0"
"2014-10-30","30+","22472","71647","14873","0"
"2014-10-31","30+","19917","63943","13556","0"
"2014-11-01","30+","44321","146312","25511","0"
"2014-11-02","30+","23034","69828","14320","0"
"2014-11-03","30+","13679","39787","8464","0"
"2014-11-04","30+","13843","41071","8542","0"
"2014-11-05","30+","17568","52276","11502","0"
"2014-11-06","30+","20973","62435","14768","0"
"2014-11-07","30+","23835","70299","20010","0"
"2014-11-08","30+","24339","76815","20077","0"
"2014-11-09","30+","53207","169050","30470","0"
"2014-11-10","30+","23185","69982","13855","0"
"2014-11-11","30+","21305","62704","11842","0"
"2014-11-12","30+","19053","56969","11769","0"
"2014-11-13","30+","16621","52387","11165","0"
"2014-11-14","30+","23521","75036","16039","0"
"2014-11-15","30+","37859","123556","22020","0"
"2014-11-16","30+","30161","92024","17840","0"
"2014-11-17","30+","13021","38740","8070","0"
"2014-11-18","30+","9668","29260","6127","0"
"2014-11-19","30+","14813","48136","9945","0"
"2014-11-20","30+","26767","92313","17372","0"
"2014-11-21","30+","22343","79048","18956","0"
"2014-11-22","30+","36948","132864","25316","0"
"2014-11-23","30+","22596","80787","17033","0"
"2014-11-24","30+","13348","44969","10395","0"
"2014-11-25","30+","15607","53093","11803","0"
"2014-11-26","30+","18276","61728","15456","0"
"2014-11-27","30+","13281","43087","9912","0"
"2014-11-28","30+","17663","56892","13267","0"
"2014-11-29","30+","30435","98829","19340","0"
"2014-11-30","30+","27656","85081","17506","0"
"2014-12-01","30+","21259","61124","12287","0"
"2014-12-02","30+","15756","45525","9234","0"
"2014-12-03","30+","20450","62099","13163","0"
"2014-12-04","30+","18649","56853","14204","0"
"2014-12-05","30+","18056","55832","14906","0"
"2014-12-06","30+","26303","83676","16555","0"
"2014-12-07","30+","25020","74465","15746","0"
"2014-12-08","30+","14684","43126","9343","0"
"2014-12-09","30+","9991","29331","6962","0"
"2014-12-10","30+","10994","32215","8237","0"
"2014-12-11","30+","12159","37197","10886","0"
"2014-12-12","30+","33333","107598","23288","0"
"2014-12-13","30+","31015","102589","19667","0"
"2014-12-14","30+","28621","91909","18171","0"
"2014-12-15","30+","15800","49185","10309","0"
"2014-12-16","30+","11229","37256","7554","0"
"2014-12-17","30+","17259","59194","11651","0"
"2014-12-18","30+","17496","61518","13365","0"
"2014-12-19","30+","23452","83750","19043","0"
"2014-12-20","30+","31132","110014","20489","0"
"2014-12-21","30+","27032","95096","17657","0"
"2014-12-22","30+","21543","74798","14155","0"
"2014-12-23","30+","23060","78414","14746","0"
"2014-12-24","30+","14028","47947","10754","0"
"2014-12-25","30+","13446","45674","9835","0"
"2014-12-26","30+","29568","102561","21338","0"
"2014-12-27","30+","34574","120515","23309","0"
"2014-12-28","30+","25763","87455","18301","0"
"2014-12-29","30+","19315","65176","14735","0"
"2014-12-30","30+","16852","57067","13524","0"
"2014-12-31","30+","11092","37798","10970","0"
"2015-01-01","30+","12308","40868","8759","0"
"2015-01-02","30+","17330","59252","12632","0"
"2015-01-03","30+","18003","59033","12136","0"
"2015-01-04","30+","17080","52975","12143","0"
"2015-01-05","30+","26418","80107","15839","0"
"2015-01-06","30+","18981","53153","9495","0"
"2015-01-07","30+","28363","79829","15984","0"
"2015-01-08","30+","21794","62661","14253","0"
"2015-01-09","30+","21641","62924","15973","0"
"2015-01-10","30+","18272","56768","11919","0"
"2015-01-11","30+","20518","61383","11908","0"
"2015-01-12","30+","17502","49801","10010","0"
"2015-01-13","30+","12500","35316","6928","0"
"2015-01-14","30+","14462","46935","9124","0"
"2015-01-15","30+","19012","63147","13696","0"
"2015-01-16","30+","22550","72753","17800","0"
"2015-01-17","30+","25789","84885","16104","0"
"2015-01-18","30+","23260","65632","13155","0"
"2015-01-19","30+","17886","53153","10548","0"
"2015-01-20","30+","13263","38681","7003","0"
"2015-01-21","30+","15036","45113","9135","0"
"2015-01-22","30+","16545","51402","11521","0"
"2015-01-23","30+","17464","55173","12846","0"
"2015-01-24","30+","25809","83015","15213","0"
"2015-01-25","30+","21154","63870","12314","0"
"2015-01-26","30+","13329","38823","7790","0"
"2015-01-27","30+","10597","31366","6019","0"
"2015-01-28","30+","12911","39345","8174","0"
"2015-01-29","30+","14905","45645","10230","0"
"2015-01-30","30+","17567","54982","12854","0"
"2015-01-31","30+","25084","81524","15062","0"
"2015-02-01","30+","22759","69280","13023","0"
"2015-02-02","30+","14776","41902","8609","0"
"2015-02-03","30+","14491","40060","8135","0"
"2015-02-04","30+","15079","46144","10011","0"
"2015-02-05","30+","11841","37399","8432","0"
"2015-02-06","30+","14007","44844","11041","0"
"2015-02-07","30+","21860","70718","13569","0"
"2015-02-08","30+","20003","58654","12171","0"
"2015-02-09","30+","12342","36406","8278","0"
"2015-02-10","30+","12993","40126","8323","0"
"2015-02-11","30+","18546","59559","12803","0"
"2015-02-12","30+","21196","69643","15142","0"
"2015-02-13","30+","22689","76838","18428","0"
"2015-02-14","30+","29528","102403","20161","0"
"2015-02-15","30+","22124","76816","15688","0"
"2015-02-16","30+","17390","56908","13342","0"
"2015-02-17","30+","14454","44896","10092","0"
"2015-02-18","30+","19377","55160","12883","0"
"2015-02-19","30+","23733","70173","18333","0"
"2015-02-20","30+","21702","66068","18153","0"
"2015-02-21","30+","24319","76796","16911","0"
"2015-02-22","30+","27255","81134","16806","0"
"2015-02-23","30+","18005","52699","11665","0"
"2015-02-24","30+","13564","40827","8339","0"
"2015-02-25","30+","16222","49212","10839","0"
"2015-02-26","30+","17741","55433","13260","0"
"2015-02-27","30+","17949","56335","14232","0"
"2015-02-28","30+","24894","79702","15642","0"
"2015-03-01","30+","25962","79088","15755","0"
"2015-03-02","30+","14404","42625","9438","0"
"2015-03-03","30+","12223","36145","7752","0"
"2015-03-04","30+","13714","41186","9324","0"
"2015-03-05","30+","12095","37284","9317","0"
"2015-03-06","30+","15407","50820","12049","0"
"2015-03-07","30+","28533","97416","19237","0"
"2015-03-08","30+","24957","79681","16742","0"
"2015-03-09","30+","16371","49713","11659","0"
"2015-03-10","30+","10775","33954","7725","0"
"2015-03-11","30+","13695","43428","9873","0"
"2015-03-12","30+","15680","50053","12077","0"
"2015-03-13","30+","17603","59607","14092","0"
"2015-03-14","30+","31579","107939","20940","0"
"2015-03-15","30+","27299","90298","18960","0"
"2015-03-16","30+","18138","58125","13849","0"
"2015-03-17","30+","12217","38182","9019","0"
"2015-03-18","30+","14528","47572","11275","0"
"2015-03-19","30+","13918","45763","11240","0"
"2015-03-20","30+","19112","63287","15129","0"
"2015-03-21","30+","30112","100774","20028","0"
"2015-03-22","30+","28491","90907","19519","0"
"2015-03-23","30+","16592","54713","13026","0"
"2015-03-24","30+","13762","43937","9746","0"
"2015-03-25","30+","14343","46572","11128","0"
"2015-03-26","30+","17573","58735","14797","0"
"2015-03-27","30+","21762","76824","17371","0"
"2015-03-28","30+","36904","131836","25557","0"
"2015-03-29","30+","28659","98486","21541","0"
"2015-03-30","30+","17864","60828","14486","0"
"2015-03-31","30+","13150","46156","10188","0"
"2015-04-01","30+","16732","60992","13367","0"
"2015-04-02","30+","17833","65033","14020","0"
"2015-04-03","30+","24269","88122","17958","0"
"2015-04-04","30+","32078","117879","21792","0"
"2015-04-05","30+","23257","83277","17386","0"
"2015-04-06","30+","24785","87068","20408","0"
"2015-04-07","30+","14384","48566","11704","0"
"2015-04-08","30+","13338","43084","10980","0"
"2015-04-09","30+","13499","44044","10829","0"
"2015-04-10","30+","15109","48824","12498","0"
"2015-04-11","30+","22274","71890","14724","0"
"2015-04-12","30+","27526","84491","17065","0"
"2015-04-13","30+","16539","49832","10931","0"
"2015-04-14","30+","13875","42663","8644","0"
"2015-04-15","30+","18053","57130","12117","0"
"2015-04-16","30+","19366","60822","14502","0"
"2015-04-17","30+","21842","68837","16206","0"
"2015-04-18","30+","31414","98094","18974","0"
"2015-04-19","30+","26924","81118","16778","0"
"2015-04-20","30+","16887","51097","11115","0"
"2015-04-21","30+","13492","40929","8478","0"
"2015-04-22","30+","16445","49652","11135","0"
"2015-04-23","30+","15531","48363","11177","0"
"2015-04-24","30+","17980","56707","14198","0"
"2015-04-25","30+","27647","88375","17093","0"
"2015-04-26","30+","23808","72165","14820","0"
"2015-04-27","30+","14494","42165","9236","0"
"2015-04-28","30+","12797","38586","7923","0"
"2015-04-29","30+","14390","45012","9659","0"
"2015-04-30","30+","17786","57430","13262","0"
"2015-05-01","30+","21800","68760","16432","0"
"2015-05-02","30+","30462","96609","18160","0"
"2015-05-03","30+","28758","85530","16926","0"
"2015-05-04","30+","19356","56968","11872","0"
"2015-05-05","30+","16012","46423","9087","0"
"2015-05-06","30+","16538","50588","10466","0"
"2015-05-07","30+","16215","49572","11687","0"
"2015-05-08","30+","20188","63120","15318","0"
"2015-05-09","30+","28535","90978","17450","0"
"2015-05-10","30+","25004","77657","15293","0"
"2015-05-11","30+","18513","54152","11229","0"
"2015-05-12","30+","15467","45420","9323","0"
"2015-05-13","30+","17332","51894","11071","0"
"2015-05-14","30+","18383","57156","13052","0"
"2015-05-15","30+","21445","68553","16533","0"
"2015-05-16","30+","29773","96709","18165","0"
"2015-05-17","30+","27939","86528","17082","0"
"2015-05-18","30+","18048","53982","11268","0"
"2015-05-19","30+","12076","37369","7523","0"
"2015-05-20","30+","17717","56748","11327","0"
"2015-05-21","30+","22224","72327","16371","0"
"2015-05-22","30+","25199","86095","20890","0"
"2015-05-23","30+","32298","113108","22262","0"
"2015-05-24","30+","25100","87432","16595","0"
"2015-05-25","30+","22262","74532","15777","0"
"2015-05-26","30+","15505","51408","10802","0"
"2015-05-27","30+","13432","44446","9593","0"
"2015-05-28","30+","14016","46900","10838","0"
"2015-05-29","30+","18205","62407","15301","0"
"2015-05-30","30+","25822","92106","17388","0"
"2015-05-31","30+","22787","80388","15833","0"
"2015-06-01","30+","18981","64438","13528","0"
"2015-06-02","30+","13322","40825","8732","0"
"2015-06-03","30+","13155","44138","9420","0"
"2015-06-04","30+","14761","50111","11083","0"
"2015-06-05","30+","19567","69060","15576","0"
"2015-06-06","30+","31860","113323","20808","0"
"2015-06-07","30+","32175","115225","22234","0"
"2015-06-08","30+","23313","81792","17074","0"
"2015-06-09","30+","16231","55558","11213","0"
"2015-06-10","30+","16189","54905","11394","0"
"2015-06-11","30+","15057","51459","11089","0"
"2015-06-12","30+","17285","60537","13661","0"
"2015-06-13","30+","28506","102677","19066","0"
"2015-06-14","30+","25804","92683","18710","0"
"2015-06-15","30+","17562","60432","12779","0"
"2015-06-16","30+","19279","63883","13348","0"
"2015-06-17","30+","15132","51963","10700","0"
"2015-06-18","30+","14137","48551","10848","0"
"2015-06-19","30+","15748","54961","12183","0"
"2015-06-20","30+","27554","99523","17743","0"
"2015-06-21","30+","28079","98882","18977","0"
"2015-06-22","30+","21467","74622","15456","0"
"2015-06-23","30+","16555","56553","11294","0"
"2015-06-24","30+","15447","50621","10381","0"
"2015-06-25","30+","14435","48440","10389","0"
"2015-06-26","30+","17779","63524","12822","0"
"2015-06-27","30+","27182","96551","17396","0"
"2015-06-28","30+","24669","88474","17199","0"
"2015-06-29","30+","15797","55973","10894","0"
"2015-06-30","30+","12610","44152","8588","0"
"2015-07-01","30+","15317","54472","10424","0"
"2015-07-02","30+","15721","54852","11679","0"
"2015-07-03","30+","18258","64867","14251","0"
"2015-07-04","30+","16685","58864","11038","0"
"2015-07-05","30+","19376","69886","13027","0"
"2015-07-06","30+","20205","71522","13134","0"
"2015-07-07","30+","15406","53695","9903","0"
"2015-07-08","30+","14657","51194","9681","0"
"2015-07-09","30+","14439","49791","9814","0"
"2015-07-10","30+","17165","59348","11383","0"
"2015-07-11","30+","26318","93228","15428","0"
"2015-07-12","30+","25157","90011","16763","0"
"2015-07-13","30+","19312","67751","13210","0"
"2015-07-14","30+","16260","56623","10165","0"
"2015-07-15","30+","14513","50594","9615","0"
"2015-07-16","30+","13012","44475","9041","0"
"2015-07-17","30+","16757","59898","11644","0"
"2015-07-18","30+","24095","86644","15079","0"
"2015-07-19","30+","24726","88912","16396","0"
"2015-07-20","30+","18947","66368","12536","0"
"2015-07-21","30+","16283","55581","9912","0"
"2015-07-22","30+","14313","50588","9232","0"
"2015-07-23","30+","14626","51267","9928","0"
"2015-07-24","30+","17072","61195","12104","0"
"2015-07-25","30+","22844","82197","14367","0"
"2015-07-26","30+","21167","75296","14221","0"
"2015-07-27","30+","16196","57064","11257","0"
"2015-07-28","30+","12742","45761","8465","0"
"2015-07-29","30+","13141","46348","8823","0"
"2015-07-30","30+","12115","42435","8223","0"
"2015-07-31","30+","14492","50935","10758","0"
"2015-08-01","30+","25361","91957","16058","0"
"2015-08-02","30+","23404","84721","15457","0"
"2015-08-03","30+","17970","63365","11964","0"
"2015-08-04","30+","15184","52653","9255","0"
"2015-08-05","30+","14645","51859","9174","0"
"2015-08-06","30+","12686","44434","8592","0"
"2015-08-07","30+","15126","53644","10720","0"
"2015-08-08","30+","21473","75616","13321","0"
"2015-08-09","30+","19154","68958","13052","0"
"2015-08-10","30+","16142","55646","10791","0"
"2015-08-11","30+","14293","49920","8728","0"
"2015-08-12","30+","14197","49392","8949","0"
"2015-08-13","30+","14678","50629","9422","0"
"2015-08-14","30+","17443","61618","12747","0"
"2015-08-15","30+","31415","110828","18933","0"
"2015-08-16","30+","30395","106022","19084","0"
"2015-08-17","30+","21674","74857","13909","0"
"2015-08-18","30+","19812","67532","11423","0"
"2015-08-19","30+","17400","59211","10410","0"
"2015-08-20","30+","19969","67101","11288","0"
"2015-08-21","30+","21296","70949","13222","0"
"2015-08-22","30+","25146","87200","15362","0"
"2015-08-23","30+","20914","72676","13172","0"
"2015-08-24","30+","16875","56651","10843","0"
"2015-08-25","30+","13498","45442","8144","0"
"2015-08-26","30+","10980","36105","7072","0"
"2015-08-27","30+","9948","32342","7174","0"
"2015-08-28","30+","25326","84484","16096","0"
"2015-08-29","30+","21400","69806","12324","0"
"2015-08-30","30+","18016","58772","10594","0"
"2015-08-31","30+","12079","37793","6844","0"
"2015-09-01","30+","12635","39163","6601","0"
"2015-09-02","30+","14284","44051","8034","0"
"2015-09-03","30+","18354","58103","11383","0"
"2015-09-04","30+","25440","82749","19879","0"
"2015-09-05","30+","31360","98760","19661","0"
"2015-09-06","30+","23856","73794","13530","0"
"2015-09-07","30+","17403","51164","9566","0"
"2015-09-08","30+","17723","49440","8796","0"
"2015-09-09","30+","16438","47402","8561","0"
"2015-09-10","30+","20707","62419","12106","0"
"2015-09-11","30+","24124","76786","17642","0"
"2015-09-12","30+","38827","120265","20565","0"
"2015-09-13","30+","31201","94962","17186","0"
"2015-09-14","30+","18662","53726","9912","0"
"2015-09-15","30+","15640","44983","8131","0"
"2015-09-16","30+","17228","50390","9566","0"
"2015-09-17","30+","18599","56238","11386","0"
"2015-09-18","30+","25763","80450","16660","0"
"2015-09-19","30+","41047","132047","22847","0"
"2015-09-20","30+","31617","96322","18122","0"
"2015-09-21","30+","19402","53906","10888","0"
"2015-09-22","30+","16648","51643","9596","0"
"2015-09-23","30+","17388","54594","10858","0"
"2015-09-24","30+","19511","59723","12738","0"
"2015-09-25","30+","25113","77334","17271","0"
"2015-09-26","30+","36957","117820","21465","0"
"2015-09-27","30+","28428","86832","16814","0"
"2015-09-28","30+","16563","47888","9753","0"
"2015-09-29","30+","12966","38025","7535","0"
"2015-09-30","30+","16779","51366","10802","0"
"2015-10-01","30+","23603","69512","14731","0"
"2015-10-02","30+","30287","101567","19657","0"
"2015-10-03","30+","30532","100742","18583","0"
"2015-10-04","30+","26177","84166","16803","0"
"2015-10-05","30+","15977","45266","9716","0"
"2015-10-06","30+","12863","37599","7572","0"
"2015-10-07","30+","17636","55190","11241","0"
"2015-10-08","30+","23758","76906","17306","0"
"2015-10-09","30+","26840","87257","20327","0"
"2015-10-10","30+","40107","129154","23779","0"
"2015-10-11","30+","30359","97546","18661","0"
"2015-10-12","30+","21446","64857","13785","0"
"2015-10-13","30+","18542","55849","11142","0"
"2015-10-14","30+","21224","65044","13720","0"
"2015-10-15","30+","20299","64210","14070","0"
"2015-10-16","30+","25529","80127","18495","0"
"2015-10-17","30+","39541","127060","23097","0"
"2015-10-18","30+","33135","98472","19671","0"
"2015-10-19","30+","18330","52107","11040","0"
"2015-10-20","30+","15774","46854","9433","0"
"2015-10-21","30+","18738","57566","12172","0"
"2015-10-22","30+","19915","62666","15006","0"
"2015-10-23","30+","21183","66784","18847","0"
"2015-10-24","30+","25568","80028","19490","0"
"2015-10-25","30+","51330","162433","30128","0"
"2015-10-26","30+","20442","60851","11896","0"
"2015-10-27","30+","17760","53519","10172","0"
"2015-10-28","30+","21236","65225","13046","0"
"2015-10-29","30+","20635","66978","14652","0"
"2015-10-30","30+","27011","88488","18950","0"
"2015-10-31","30+","31922","103018","19211","0"
"2015-11-01","30+","30486","89917","18818","0"
"2015-11-02","30+","16215","46269","9999","0"
"2015-11-03","30+","14239","43357","9153","0"
"2015-11-04","30+","18856","56942","12773","0"
"2015-11-05","30+","21714","62942","15630","0"
"2015-11-06","30+","23693","69032","20238","0"
"2015-11-07","30+","23608","73798","19008","0"
"2015-11-08","30+","50978","162037","29652","0"
"2015-11-09","30+","25646","73210","15437","0"
"2015-11-10","30+","19023","59147","11894","0"
"2015-11-11","30+","21496","68641","14409","0"
"2015-11-12","30+","18377","56574","12371","0"
"2015-11-13","30+","21880","70424","15916","0"
"2015-11-14","30+","36381","118524","21812","0"
"2015-11-15","30+","34237","106000","21730","0"
"2015-11-16","30+","15872","45692","10296","0"
"2015-11-17","30+","12524","36851","8503","0"
"2015-11-18","30+","16287","53854","11329","0"
"2015-11-19","30+","27709","97499","18180","0"
"2015-11-20","30+","20632","72371","16624","0"
"2015-11-21","30+","35836","129663","25793","0"
"2015-11-22","30+","25846","90483","19576","0"
"2015-11-23","30+","14394","49830","11641","0"
"2015-11-24","30+","17312","59014","13354","0"
"2015-11-25","30+","19250","65025","16218","0"
"2015-11-26","30+","15444","49552","11840","0"
"2015-11-27","30+","20083","65649","15962","0"
"2015-11-28","30+","31798","103217","20841","0"
"2015-11-29","30+","28506","88065","18550","0"
"2015-11-30","30+","19359","56284","12049","0"
"2015-12-01","30+","20435","60608","12558","0"
"2015-12-02","30+","20724","62940","13748","0"
"2015-12-03","30+","21315","65510","16166","0"
"2015-12-04","30+","20328","64008","17547","0"
"2015-12-05","30+","31001","97265","18790","0"
"2015-12-06","30+","29476","88580","18457","0"
"2015-12-07","30+","17905","51543","11639","0"
"2015-12-08","30+","13233","38826","9048","0"
"2015-12-09","30+","14045","42159","9943","0"
"2015-12-10","30+","17806","55244","14408","0"
"2015-12-11","30+","20073","62061","19391","0"
"2015-12-12","30+","23693","74581","17882","0"
"2015-12-13","30+","25343","78646","17591","0"
"2015-12-14","30+","13020","39085","10135","0"
"2015-12-15","30+","32742","110520","20509","0"
"2015-12-16","30+","17675","60545","12530","0"
"2015-12-17","30+","18954","66654","14610","0"
"2015-12-18","30+","25095","88935","20885","0"
"2015-12-19","30+","31644","113238","22220","0"
"2015-12-20","30+","25202","89448","17257","0"
"2015-12-21","30+","23152","82070","15686","0"
"2015-12-22","30+","14968","52446","10632","0"
"2015-12-23","30+","21875","74920","15687","0"
"2015-12-24","30+","17768","61214","13902","0"
"2015-12-25","30+","15635","54964","11674","0"
"2015-12-26","30+","32493","114021","22871","0"
"2015-12-27","30+","33343","118289","24693","0"
"2015-12-28","30+","22672","77601","17674","0"
"2015-12-29","30+","16708","56612","13297","0"
"2015-12-30","30+","17736","59638","14913","0"
"2015-12-31","30+","11969","40732","12763","0"
"2016-01-01","30+","14142","46666","10772","0"
"2016-01-02","30+","28290","94726","20071","0"
"2016-01-03","30+","28505","89862","18804","0"
"2016-01-04","30+","16855","48867","10411","0"
"2016-01-05","30+","21181","57742","10733","0"
"2016-01-06","30+","26921","76186","16001","0"
"2016-01-07","30+","17417","49150","11343","0"
"2016-01-08","30+","20100","58552","16276","0"
"2016-01-09","30+","18365","55484","12153","0"
"2016-01-10","30+","22966","64437","13107","0"
"2016-01-11","30+","18875","52977","11602","0"
"2016-01-12","30+","11742","34638","6963","0"
"2016-01-13","30+","14790","47253","9710","0"
"2016-01-14","30+","22910","72200","16659","0"
"2016-01-15","30+","21947","69044","18287","0"
"2016-01-16","30+","23436","76513","16200","0"
"2016-01-17","30+","23914","66376","13576","0"
"2016-01-18","30+","19319","57008","11598","0"
"2016-01-19","30+","12974","37868","7221","0"
"2016-01-20","30+","15901","48149","9918","0"
"2016-01-21","30+","18334","55744","12880","0"
"2016-01-22","30+","18122","56919","13557","0"
"2016-01-23","30+","25267","80020","15059","0"
"2016-01-24","30+","21495","63634","12609","0"
"2016-01-25","30+","15246","44056","9141","0"
"2016-01-26","30+","13550","38392","7634","0"
"2016-01-27","30+","17313","52530","11007","0"
"2016-01-28","30+","22057","67109","15542","0"
"2016-01-29","30+","17888","56364","14007","0"
"2016-01-30","30+","26295","84826","16376","0"
"2016-01-31","30+","24989","76033","15978","0"
"2016-02-01","30+","15629","44518","9357","0"
"2016-02-02","30+","14510","37654","7904","0"
"2016-02-03","30+","17886","54935","11965","0"
"2016-02-04","30+","27179","87532","20412","0"
"2016-02-05","30+","22188","73418","17961","0"
"2016-02-06","30+","26877","93451","17592","0"
"2016-02-07","30+","17762","58420","11915","0"
"2016-02-08","30+","16278","50532","10932","0"
"2016-02-09","30+","12974","40479","8551","0"
"2016-02-10","30+","17638","58999","12316","0"
"2016-02-11","30+","21804","72305","15800","0"
"2016-02-12","30+","21128","71526","17158","0"
"2016-02-13","30+","25760","86571","17629","0"
"2016-02-14","30+","21909","67969","14912","0"
"2016-02-15","30+","16526","53552","12866","0"
"2016-02-16","30+","11992","37455","8597","0"
"2016-02-17","30+","18891","54540","12631","0"
"2016-02-18","30+","24733","73833","19084","0"
"2016-02-19","30+","20498","61403","17137","0"
"2016-02-20","30+","23714","75104","16453","0"
"2016-02-21","30+","26493","78956","16506","0"
"2016-02-22","30+","20595","60375","13284","0"
"2016-02-23","30+","15880","46233","9867","0"
"2016-02-24","30+","16430","50315","11679","0"
"2016-02-25","30+","17210","52544","13217","0"
"2016-02-26","30+","17853","55691","13966","0"
"2016-02-27","30+","28468","86738","17350","0"
"2016-02-28","30+","24569","73831","15374","0"
"2016-02-29","30+","14218","39944","9027","0"
"2016-03-01","30+","15498","44883","9517","0"
"2016-03-02","30+","15854","45537","10600","0"
"2016-03-03","30+","17403","51353","13697","0"
"2016-03-04","30+","17900","52493","13338","0"
"2016-03-05","30+","24362","78130","15808","0"
"2016-03-06","30+","22058","67593","14301","0"
"2016-03-07","30+","14526","42453","9961","0"
"2016-03-08","30+","12087","34419","7934","0"
"2016-03-09","30+","14227","42132","10037","0"
"2016-03-10","30+","14461","47623","11412","0"
"2016-03-11","30+","19225","65307","16056","0"
"2016-03-12","30+","33789","115006","22165","0"
"2016-03-13","30+","28708","94757","20481","0"
"2016-03-14","30+","18382","59473","14447","0"
"2016-03-15","30+","13726","44332","10234","0"
"2016-03-16","30+","17039","55277","13307","0"
"2016-03-17","30+","15668","51999","12970","0"
"2016-03-18","30+","20542","70045","16040","0"
"2016-03-19","30+","36667","126824","24991","0"
"2016-03-20","30+","30049","101587","21930","0"
"2016-03-21","30+","19449","65019","15725","0"
"2016-03-22","30+","14249","49755","11626","0"
"2016-03-23","30+","18602","66198","14889","0"
"2016-03-24","30+","20387","72377","16192","0"
"2016-03-25","30+","27567","99992","20244","0"
"2016-03-26","30+","33228","120367","22713","0"
"2016-03-27","30+","24188","86292","17766","0"
"2016-03-28","30+","26047","88839","20310","0"
"2016-03-29","30+","17911","58813","13984","0"
"2016-03-30","30+","16194","50438","12665","0"
"2016-03-31","30+","13039","43016","11018","0"
"2016-04-01","30+","19798","67478","14900","0"
"2016-04-02","30+","35457","121500","23430","0"
"2016-04-03","30+","39900","131877","26055","0"
"2016-04-04","30+","22327","69102","15185","0"
"2016-04-05","30+","15737","50108","10249","0"
"2016-04-06","30+","17124","53729","12040","0"
"2016-04-07","30+","16996","53274","13438","0"
"2016-04-08","30+","19141","60514","15059","0"
"2016-04-09","30+","33643","101797","20071","0"
"2016-04-10","30+","27013","79537","17139","0"
"2016-04-11","30+","15348","47015","10516","0"
"2016-04-12","30+","12852","39395","8497","0"
"2016-04-13","30+","19924","60850","13242","0"
"2016-04-14","30+","24343","74073","18457","0"
"2016-04-15","30+","24810","76815","20149","0"
"2016-04-16","30+","27749","91193","19019","0"
"2016-04-17","30+","29919","91590","19545","0"
"2016-04-18","30+","19249","59124","13482","0"
"2016-04-19","30+","14964","45200","9728","0"
"2016-04-20","30+","17276","55340","12095","0"
"2016-04-21","30+","17573","56729","13122","0"
"2016-04-22","30+","19548","64705","15537","0"
"2016-04-23","30+","30933","102469","20207","0"
"2016-04-24","30+","24520","80492","17181","0"
"2016-04-25","30+","15417","46673","10921","0"
"2016-04-26","30+","13856","41187","9136","0"
"2016-04-27","30+","14059","43164","10013","0"
"2016-04-28","30+","12814","41362","10032","0"
"2016-04-29","30+","17489","55684","14390","0"
"2016-04-30","30+","25546","79449","15549","0"
"2016-05-01","30+","30258","85235","16943","0"
"2016-05-02","30+","22152","62871","13607","0"
"2016-05-03","30+","18099","51323","10095","0"
"2016-05-04","30+","18585","55988","11672","0"
"2016-05-05","30+","17387","52433","11974","0"
"2016-05-06","30+","20294","61285","14821","0"
"2016-05-07","30+","29850","92161","17361","0"
"2016-05-08","30+","26207","79454","15796","0"
"2016-05-09","30+","17416","50729","10613","0"
"2016-05-10","30+","15969","44684","8837","0"
"2016-05-11","30+","17051","50249","10658","0"
"2016-05-12","30+","15588","47433","10784","0"
"2016-05-13","30+","18692","58504","14739","0"
"2016-05-14","30+","29868","92990","18154","0"
"2016-05-15","30+","29387","84664","17325","0"
"2016-05-16","30+","18617","55336","11404","0"
"2016-05-17","30+","16022","46985","9292","0"
"2016-05-18","30+","17309","54218","11021","0"
"2016-05-19","30+","16997","53729","11818","0"
"2016-05-20","30+","22233","72732","15716","0"
"2016-05-21","30+","35541","119978","22030","0"
"2016-05-22","30+","30420","102181","20017","0"
"2016-05-23","30+","19142","60801","13116","0"
"2016-05-24","30+","13575","45840","9366","0"
"2016-05-25","30+","18290","61248","12400","0"
"2016-05-26","30+","20949","71213","15630","0"
"2016-05-27","30+","24103","84205","21395","0"
"2016-05-28","30+","27609","96761","20227","0"
"2016-05-29","30+","24262","85508","16953","0"
"2016-05-30","30+","22672","78282","16593","0"
"2016-05-31","30+","17053","56717","11571","0"
"2016-06-01","30+","20378","65834","13349","0"
"2016-06-02","30+","16223","55038","11889","0"
"2016-06-03","30+","20523","70858","16060","0"
"2016-06-04","30+","34570","119717","22041","0"
"2016-06-05","30+","35000","121221","23266","0"
"2016-06-06","30+","25426","86370","17929","0"
"2016-06-07","30+","16695","57457","11399","0"
"2016-06-08","30+","15687","52564","11005","0"
"2016-06-09","30+","13926","47714","10652","0"
"2016-06-10","30+","19510","67377","14715","0"
"2016-06-11","30+","32203","113826","21209","0"
"2016-06-12","30+","32553","113142","22282","0"
"2016-06-13","30+","20633","71121","15065","0"
"2016-06-14","30+","16538","53575","11019","0"
"2016-06-15","30+","16214","53823","11422","0"
"2016-06-16","30+","14472","50134","10802","0"
"2016-06-17","30+","18366","63446","14226","0"
"2016-06-18","30+","31121","109963","20099","0"
"2016-06-19","30+","28809","101959","20210","0"
"2016-06-20","30+","22591","78384","16386","0"
"2016-06-21","30+","17865","60630","11941","0"
"2016-06-22","30+","18410","61290","12574","0"
"2016-06-23","30+","18410","61416","13931","0"
"2016-06-24","30+","18712","64843","14280","0"
"2016-06-25","30+","32370","112684","20648","0"
"2016-06-26","30+","32530","108078","21383","0"
"2016-06-27","30+","22450","76234","16465","0"
"2016-06-28","30+","14348","50996","9891","0"
"2016-06-29","30+","14826","52714","10303","0"
"2016-06-30","30+","14905","51384","10400","0"
"2016-07-01","30+","20353","71985","15082","0"
"2016-07-02","30+","28429","101005","19164","0"
"2016-07-03","30+","19988","72486","15149","0"
"2016-07-04","30+","12307","43897","9631","0"
"2016-07-05","30+","17278","60343","12669","0"
"2016-07-06","30+","17425","61865","12332","0"
"2016-07-07","30+","14982","51344","10335","0"
"2016-07-08","30+","16041","55931","11415","0"
"2016-07-09","30+","27680","97515","16204","0"
"2016-07-10","30+","28815","101623","18810","0"
"2016-07-11","30+","20729","72619","14266","0"
"2016-07-12","30+","16161","55551","10369","0"
"2016-07-13","30+","14932","51054","10126","0"
"2016-07-14","30+","14157","49250","9594","0"
"2016-07-15","30+","17152","60630","12239","0"
"2016-07-16","30+","25514","89172","15805","0"
"2016-07-17","30+","28483","98937","18811","0"
"2016-07-18","30+","20567","72844","14358","0"
"2016-07-19","30+","15229","51810","9741","0"
"2016-07-20","30+","15226","52349","9973","0"
"2016-07-21","30+","13608","47971","9330","0"
"2016-07-22","30+","16110","56215","11648","0"
"2016-07-23","30+","26661","94735","16456","0"
"2016-07-24","30+","25050","90387","16924","0"
"2016-07-25","30+","18516","65895","12978","0"
"2016-07-26","30+","15347","52835","9309","0"
"2016-07-27","30+","14727","50444","9372","0"
"2016-07-28","30+","14090","48297","9792","0"
"2016-07-29","30+","15109","53505","12032","0"
"2016-07-30","30+","21301","76751","13830","0"
"2016-07-31","30+","22248","80038","14837","0"
"2016-08-01","30+","21143","73761","13939","0"
"2016-08-02","30+","14651","51179","9273","0"
"2016-08-03","30+","14583","50381","9146","0"
"2016-08-04","30+","13697","47171","9240","0"
"2016-08-05","30+","14746","51215","10757","0"
"2016-08-06","30+","23118","81202","14398","0"
"2016-08-07","30+","21809","73265","13693","0"
"2016-08-08","30+","18058","59680","11704","0"
"2016-08-09","30+","16267","54699","9320","0"
"2016-08-10","30+","17385","56875","10471","0"
"2016-08-11","30+","16003","53653","10261","0"
"2016-08-12","30+","15953","55891","11730","0"
"2016-08-13","30+","24321","84504","15019","0"
"2016-08-14","30+","29179","99311","17516","0"
"2016-08-15","30+","21519","68222","12597","0"
"2016-08-16","30+","20380","67870","11508","0"
"2016-08-17","30+","20989","72119","11470","0"
"2016-08-18","30+","19803","65187","11061","0"
"2016-08-19","30+","22170","74836","13857","0"
"2016-08-20","30+","27912","95512","15939","0"
"2016-08-21","30+","24155","80096","14812","0"
"2016-08-22","30+","17423","57663","11477","0"
"2016-08-23","30+","26666","90939","15125","0"
"2016-08-24","30+","18101","60577","10808","0"
"2016-08-25","30+","15503","50283","9674","0"
"2016-08-26","30+","18897","63963","12453","0"
"2016-08-27","30+","23348","77893","13524","0"
"2016-08-28","30+","18303","60062","11200","0"
"2016-08-29","30+","12547","39210","7728","0"
"2016-08-30","30+","9893","30833","5590","0"
"2016-08-31","30+","14812","46218","8789","0"
"2016-09-01","30+","21139","66636","13051","0"
"2016-09-02","30+","24201","77535","18937","0"
"2016-09-03","30+","29323","93171","18627","0"
"2016-09-04","30+","23152","70999","13475","0"
"2016-09-05","30+","19166","56026","10703","0"
"2016-09-06","30+","17514","48792","8993","0"
"2016-09-07","30+","17333","48383","8847","0"
"2016-09-08","30+","17738","53542","11041","0"
"2016-09-09","30+","21454","65343","14390","0"
"2016-09-10","30+","35369","108500","18613","0"
"2016-09-11","30+","29789","86288","16272","0"
"2016-09-12","30+","19908","57099","10794","0"
"2016-09-13","30+","15564","44750","8318","0"
"2016-09-14","30+","17026","48139","9483","0"
"2016-09-15","30+","18888","55216","11738","0"
"2016-09-16","30+","22799","69529","15475","0"
"2016-09-17","30+","36426","114195","20829","0"
"2016-09-18","30+","31627","93885","18117","0"
"2016-09-19","30+","19524","56586","11314","0"
"2016-09-20","30+","15908","47667","8743","0"
"2016-09-21","30+","16757","49570","9696","0"
"2016-09-22","30+","17259","52740","11743","0"
"2016-09-23","30+","21240","64396","14756","0"
"2016-09-24","30+","35244","113436","20498","0"
"2016-09-25","30+","27525","83320","16507","0"
"2016-09-26","30+","15433","44152","9269","0"
"2016-09-27","30+","12432","36802","7387","0"
"2016-09-28","30+","16391","48393","9979","0"
"2016-09-29","30+","19365","60428","13426","0"
"2016-09-30","30+","28454","91898","21255","0"
"2016-10-01","30+","44295","144899","27065","0"
"2016-10-02","30+","25872","79739","17168","0"
"2016-10-03","30+","15175","44268","10138","0"
"2016-10-04","30+","13274","38454","8171","0"
"2016-10-05","30+","17112","52754","11080","0"
"2016-10-06","30+","12169","39140","8268","0"
"2016-10-07","30+","8087","26680","6775","0"
"2016-10-08","30+","35627","119283","22743","0"
"2016-10-09","30+","35016","115414","22176","0"
"2016-10-10","30+","23664","73586","15685","0"
"2016-10-11","30+","17945","54004","11342","0"
"2016-10-12","30+","18352","56532","11779","0"
"2016-10-13","30+","17405","54757","13226","0"
"2016-10-14","30+","22364","71868","17240","0"
"2016-10-15","30+","35584","116531","20734","0"
"2016-10-16","30+","28334","88406","17586","0"
"2016-10-17","30+","18206","52610","11294","0"
"2016-10-18","30+","16349","50233","9938","0"
"2016-10-19","30+","18370","58230","12077","0"
"2016-10-20","30+","21419","67549","16046","0"
"2016-10-21","30+","22785","71108","17099","0"
"2016-10-22","30+","35168","110611","20240","0"
"2016-10-23","30+","31328","91449","18219","0"
"2016-10-24","30+","18419","53220","11226","0"
"2016-10-25","30+","14974","44204","8708","0"
"2016-10-26","30+","18385","54936","11325","0"
"2016-10-27","30+","20805","64679","14180","0"
"2016-10-28","30+","23134","71714","17294","0"
"2016-10-29","30+","32385","101077","19161","0"
"2016-10-30","30+","26940","81119","16451","0"
"2016-10-31","30+","12626","34857","7852","0"
"2016-11-01","30+","18156","50539","10639","0"
"2016-11-02","30+","20048","55461","12310","0"
"2016-11-03","30+","23926","69407","16715","0"
"2016-11-04","30+","25014","76909","19517","0"
"2016-11-05","30+","35528","116812","22779","0"
"2016-11-06","30+","30044","95777","19723","0"
"2016-11-07","30+","21329","63307","14382","0"
"2016-11-08","30+","17421","54974","11696","0"
"2016-11-09","30+","17421","54627","12283","0"
"2016-11-10","30+","19190","59374","14950","0"
"2016-11-11","30+","21696","65435","16302","0"
"2016-11-12","30+","34456","105006","21240","0"
"2016-11-13","30+","28792","86887","18423","0"
"2016-11-14","30+","13950","39743","10054","0"
"2016-11-15","30+","25646","81918","15947","0"
"2016-11-16","30+","14768","48251","10521","0"
"2016-11-17","30+","19089","64988","14808","0"
"2016-11-18","30+","23431","83785","21260","0"
"2016-11-19","30+","38393","137721","26812","0"
"2016-11-20","30+","31714","111433","22805","0"
"2016-11-21","30+","20121","68707","14929","0"
"2016-11-22","30+","15909","54492","12570","0"
"2016-11-23","30+","18873","64428","16229","0"
"2016-11-24","30+","14123","45691","11401","0"
"2016-11-25","30+","16831","55115","15785","0"
"2016-11-26","30+","47966","158147","29160","0"
"2016-11-27","30+","33031","105049","21306","0"
"2016-11-28","30+","23954","72788","13855","0"
"2016-11-29","30+","14115","41661","8493","0"
"2016-11-30","30+","17372","52373","11365","0"
"2016-12-01","30+","20713","64712","15387","0"
"2016-12-02","30+","17586","56363","15078","0"
"2016-12-03","30+","32779","103031","20107","0"
"2016-12-04","30+","28640","88225","18177","0"
"2016-12-05","30+","16375","48149","10680","0"
"2016-12-06","30+","12025","35531","7858","0"
"2016-12-07","30+","14924","46002","10770","0"
"2016-12-08","30+","17020","51046","13556","0"
"2016-12-09","30+","17627","54362","17586","0"
"2016-12-10","30+","47285","154975","29235","0"
"2016-12-11","30+","28548","88763","18175","0"
"2016-12-12","30+","16350","48629","10518","0"
"2016-12-13","30+","11477","35298","7674","0"
"2016-12-14","30+","13922","44360","9856","0"
"2016-12-15","30+","18715","62031","13756","0"
"2016-12-16","30+","25789","90808","20909","0"
"2016-12-17","30+","36114","127892","26098","0"
"2016-12-18","30+","25936","89704","19855","0"
"2016-12-19","30+","16817","56687","11985","0"
"2016-12-20","30+","13116","44643","9166","0"
"2016-12-21","30+","21118","74097","14043","0"
"2016-12-22","30+","18571","64796","13635","0"
"2016-12-23","30+","23620","82206","16771","0"
"2016-12-24","30+","18927","66295","13615","0"
"2016-12-25","30+","16648","58815","11922","0"
"2016-12-26","30+","34624","123075","25551","0"
"2016-12-27","30+","25353","89841","19239","0"
"2016-12-28","30+","19617","67353","14733","0"
"2016-12-29","30+","17034","57164","13102","0"
"2016-12-30","30+","18809","61783","16195","0"
"2016-12-31","30+","14262","48844","13978","0"
"2017-01-01","30+","28486","97731","19750","0"
"2017-01-02","30+","27854","91855","20441","0"
"2017-01-03","30+","23708","69337","14655","0"
"2017-01-04","30+","27086","80229","17149","0"
"2017-01-05","30+","20498","60274","14131","0"
"2017-01-06","30+","19414","57887","15725","0"
"2017-01-07","30+","18929","59549","12956","0"
"2017-01-08","30+","23127","70878","13974","0"
"2017-01-09","30+","18881","53653","11702","0"
"2017-01-10","30+","12098","35565","7460","0"
"2017-01-11","30+","15132","47179","9792","0"
"2017-01-12","30+","20302","64227","14983","0"
"2017-01-13","30+","21316","69075","19083","0"
"2017-01-14","30+","22140","72804","14848","0"
"2017-01-15","30+","19180","60825","12064","0"
"2017-01-16","30+","18010","54055","10957","0"
"2017-01-17","30+","13176","37628","7488","0"
"2017-01-18","30+","15120","45747","9273","0"
"2017-01-19","30+","15274","47054","10923","0"
"2017-01-20","30+","17097","54516","13365","0"
"2017-01-21","30+","25822","82988","15806","0"
"2017-01-22","30+","25197","71948","14147","0"
"2017-01-23","30+","16289","44334","9276","0"
"2017-01-24","30+","13429","37974","7720","0"
"2017-01-25","30+","15443","46417","10020","0"
"2017-01-26","30+","14772","45172","10337","0"
"2017-01-27","30+","16479","50533","12505","0"
"2017-01-28","30+","24333","75855","14699","0"
"2017-01-29","30+","26563","71887","14758","0"
"2017-01-30","30+","12861","36983","7603","0"
"2017-01-31","30+","13359","38511","7253","0"
"2017-02-01","30+","19330","59322","11650","0"
"2017-02-02","30+","22896","70365","16173","0"
"2017-02-03","30+","20522","63568","15320","0"
"2017-02-04","30+","25859","82705","15977","0"
"2017-02-05","30+","23487","70956","14672","0"
"2017-02-06","30+","11678","35211","8167","0"
"2017-02-07","30+","15112","37572","8663","0"
"2017-02-08","30+","11789","37210","8190","0"
"2017-02-09","30+","11753","37873","9287","0"
"2017-02-10","30+","19572","63081","16396","0"
"2017-02-11","30+","21303","68261","13982","0"
"2017-02-12","30+","19492","59095","12500","0"
"2017-02-13","30+","16837","47172","10562","0"
"2017-02-14","30+","14301","43477","9304","0"
"2017-02-15","30+","20874","67726","14153","0"
"2017-02-16","30+","22717","75158","17883","0"
"2017-02-17","30+","21147","71012","18065","0"
"2017-02-18","30+","27558","93612","19449","0"
"2017-02-19","30+","25629","82502","17953","0"
"2017-02-20","30+","21363","67883","16067","0"
"2017-02-21","30+","14825","45271","10637","0"
"2017-02-22","30+","19039","55829","12876","0"
"2017-02-23","30+","26531","79149","20794","0"
"2017-02-24","30+","23826","74143","19925","0"
"2017-02-25","30+","33415","112110","22989","0"
"2017-02-26","30+","31963","102020","21282","0"
"2017-02-27","30+","19818","61807","13855","0"
"2017-02-28","30+","16007","47736","10251","0"
"2017-03-01","30+","22661","65213","14778","0"
"2017-03-02","30+","20230","62765","15680","0"
"2017-03-03","30+","20825","66329","17721","0"
"2017-03-04","30+","31381","99494","20052","0"
"2017-03-05","30+","29000","88245","18611","0"
"2017-03-06","30+","16675","48360","11488","0"
"2017-03-07","30+","11755","36491","8383","0"
"2017-03-08","30+","13844","44077","10346","0"
"2017-03-09","30+","18234","58834","14344","0"
"2017-03-10","30+","18791","63631","15660","0"
"2017-03-11","30+","33338","117936","23366","0"
"2017-03-12","30+","29866","100620","21329","0"
"2017-03-13","30+","21394","68621","17257","0"
"2017-03-14","30+","15163","47473","12146","0"
"2017-03-15","30+","15549","48949","12503","0"
"2017-03-16","30+","14579","46921","12454","0"
"2017-03-17","30+","18709","60995","15912","0"
"2017-03-18","30+","28839","96042","20038","0"
"2017-03-19","30+","25835","83242","18370","0"
"2017-03-20","30+","16761","51764","12728","0"
"2017-03-21","30+","15103","45271","10794","0"
"2017-03-22","30+","16211","51195","12178","0"
"2017-03-23","30+","18027","57977","15047","0"
"2017-03-24","30+","19531","64666","15850","0"
"2017-03-25","30+","34075","116144","22821","0"
"2017-03-26","30+","31929","103057","21904","0"
"2017-03-27","30+","18348","56410","13254","0"
"2017-03-28","30+","14239","45728","9753","0"
"2017-03-29","30+","17070","56581","11715","0"
"2017-03-30","30+","16663","53848","13253","0"
"2017-03-31","30+","19857","66730","15783","0"
"2017-04-01","30+","39071","129957","25069","0"
"2017-04-02","30+","33463","106467","22774","0"
"2017-04-03","30+","17363","55723","12931","0"
"2017-04-04","30+","12541","39782","9126","0"
"2017-04-05","30+","14877","48622","11063","0"
"2017-04-06","30+","15700","52090","12609","0"
"2017-04-07","30+","20042","70118","15439","0"
"2017-04-08","30+","37226","132784","25431","0"
"2017-04-09","30+","29066","102455","21307","0"
"2017-04-10","30+","19045","65015","14978","0"
"2017-04-11","30+","14040","48720","11037","0"
"2017-04-12","30+","16832","58946","13030","0"
"2017-04-13","30+","18775","66065","14829","0"
"2017-04-14","30+","20019","71799","16087","0"
"2017-04-15","30+","21020","76376","15051","0"
"2017-04-16","30+","17682","60737","12799","0"
"2017-04-17","30+","23483","79247","16784","0"
"2017-04-18","30+","15260","49312","10961","0"
"2017-04-19","30+","20168","60394","13965","0"
"2017-04-20","30+","22440","66486","17012","0"
"2017-04-21","30+","22240","67382","17829","0"
"2017-04-22","30+","28531","87126","19191","0"
"2017-04-23","30+","31639","95077","19653","0"
"2017-04-24","30+","20766","59933","12861","0"
"2017-04-25","30+","15952","46208","9659","0"
"2017-04-26","30+","19071","56667","12286","0"
"2017-04-27","30+","22306","69423","16144","0"
"2017-04-28","30+","20776","64740","15987","0"
"2017-04-29","30+","27265","86098","17371","0"
"2017-04-30","30+","24793","74511","15615","0"
"2017-05-01","30+","16391","48322","10426","0"
"2017-05-02","30+","14687","42527","8601","0"
"2017-05-03","30+","21058","67539","13830","4"
"2017-05-04","30+","29002","93662","22018","0"
"2017-05-05","30+","17829","56404","14355","0"
"2017-05-06","30+","25385","80295","15483","0"
"2017-05-07","30+","23659","72229","15112","0"
"2017-05-08","30+","17465","50069","11371","0"
"2017-05-09","30+","15392","43848","9424","0"
"2017-05-10","30+","20026","62638","13204","0"
"2017-05-11","30+","25336","82776","19052","0"
"2017-05-12","30+","20165","64177","16480","0"
"2017-05-13","30+","25303","81590","16353","0"
"2017-05-14","30+","22623","70960","14412","0"
"2017-05-15","30+","24392","69245","14528","0"
"2017-05-16","30+","17402","50346","10070","0"
"2017-05-17","30+","18885","57531","11885","0"
"2017-05-18","30+","17677","55484","12719","0"
"2017-05-19","30+","19961","64619","15393","0"
"2017-05-20","30+","30972","99776","19184","0"
"2017-05-21","30+","31965","96500","20067","0"
"2017-05-22","30+","19236","58000","12529","0"
"2017-05-23","30+","14303","45506","9387","0"
"2017-05-24","30+","18033","60447","12256","0"
"2017-05-25","30+","20042","68079","14878","0"
"2017-05-26","30+","25483","88874","21818","0"
"2017-05-27","30+","28474","100605","21253","0"
"2017-05-28","30+","25877","90961","18815","0"
"2017-05-29","30+","22374","74763","16709","0"
"2017-05-30","30+","19309","65909","13747","0"
"2017-05-31","30+","15712","52637","11300","0"
"2017-06-01","30+","18131","60201","13639","0"
"2017-06-02","30+","20315","69015","16124","0"
"2017-06-03","30+","32001","110709","21196","0"
"2017-06-04","30+","36237","125277","24945","0"
"2017-06-05","30+","22855","77971","16260","0"
"2017-06-06","30+","15401","52299","10710","0"
"2017-06-07","30+","16267","53536","11513","0"
"2017-06-08","30+","14432","48805","11006","0"
"2017-06-09","30+","16830","58742","13243","0"
"2017-06-10","30+","31854","112534","21178","0"
"2017-06-11","30+","31281","107069","21648","0"
"2017-06-12","30+","18592","63630","13632","0"
"2017-06-13","30+","15307","48974","10372","0"
"2017-06-14","30+","15063","50242","10398","0"
"2017-06-15","30+","14331","48101","10796","0"
"2017-06-16","30+","19610","68151","16439","0"
"2017-06-17","30+","24637","88822","17019","0"
"2017-06-18","30+","25706","91834","18330","0"
"2017-06-19","30+","19769","66409","14024","0"
"2017-06-20","30+","29412","91778","18821","0"
"2017-06-21","30+","19834","65050","13972","0"
"2017-06-22","30+","14804","50408","11411","0"
"2017-06-23","30+","16403","57611","12842","0"
"2017-06-24","30+","31625","112133","21155","0"
"2017-06-25","30+","30799","109776","22111","0"
"2017-06-26","30+","20693","72759","15346","0"
"2017-06-27","30+","16202","55263","11746","0"
"2017-06-28","30+","18871","62794","13562","0"
"2017-06-29","30+","15129","52017","10921","0"
"2017-06-30","30+","19994","69693","14039","0"
"2017-07-01","30+","28899","104741","18980","0"
"2017-07-02","30+","24402","86117","17657","0"
"2017-07-03","30+","16567","56952","12330","0"
"2017-07-04","30+","10325","35454","7993","0"
"2017-07-05","30+","15377","53890","11311","0"
"2017-07-06","30+","15275","53339","10346","0"
"2017-07-07","30+","17246","59347","11091","0"
"2017-07-08","30+","26316","90480","15442","0"
"2017-07-09","30+","26266","90398","17339","0"
"2017-07-10","30+","18600","64611","12529","0"
"2017-07-11","30+","14197","49172","9432","0"
"2017-07-12","30+","15298","52533","10183","0"
"2017-07-13","30+","14950","51456","10737","0"
"2017-07-14","30+","15542","54195","11724","0"
"2017-07-15","30+","23626","83244","14764","0"
"2017-07-16","30+","26327","93020","17313","0"
"2017-07-17","30+","19156","65918","13453","0"
"2017-07-18","30+","14470","50417","9746","0"
"2017-07-19","30+","15344","51833","10070","0"
"2017-07-20","30+","15336","50143","10766","0"
"2017-07-21","30+","15852","55386","12008","0"
"2017-07-22","30+","23777","85326","15177","0"
"2017-07-23","30+","25215","88248","16746","0"
"2017-07-24","30+","18982","66043","13301","0"
"2017-07-25","30+","14584","50834","9569","0"
"2017-07-26","30+","14506","50295","9687","0"
"2017-07-27","30+","14430","49870","10148","0"
"2017-07-28","30+","15670","55105","11729","0"
"2017-07-29","30+","21140","76812","13873","0"
"2017-07-30","30+","22238","80041","15101","0"
"2017-07-31","30+","17098","59869","11623","0"
"2017-08-01","30+","17008","58687","10813","0"
"2017-08-02","30+","16434","55560","10401","0"
"2017-08-03","30+","14830","51803","10084","0"
"2017-08-04","30+","15565","54779","11430","0"
"2017-08-05","30+","21664","76797","13888","0"
"2017-08-06","30+","22584","78203","15109","0"
"2017-08-07","30+","15841","53652","10943","0"
"2017-08-08","30+","14584","48332","8958","0"
"2017-08-09","30+","15973","51899","9806","0"
"2017-08-10","30+","14937","51658","10332","0"
"2017-08-11","30+","19080","65351","13698","0"
"2017-08-12","30+","24538","85356","15136","0"
"2017-08-13","30+","29360","99422","18519","0"
"2017-08-14","30+","21524","69781","13335","0"
"2017-08-15","30+","18342","62777","10842","0"
"2017-08-16","30+","18728","64587","11194","0"
"2017-08-17","30+","17419","59821","10214","0"
"2017-08-18","30+","19482","66973","12998","0"
"2017-08-19","30+","24532","85315","14581","0"
"2017-08-20","30+","23476","80234","14764","0"
"2017-08-21","30+","22716","76505","13914","0"
"2017-08-22","30+","17500","59640","10504","0"
"2017-08-23","30+","17491","57399","10353","0"
"2017-08-24","30+","16372","54179","10573","0"
"2017-08-25","30+","18511","61380","13157","0"
"2017-08-26","30+","23923","80752","14740","0"
"2017-08-27","30+","21072","69129","13339","0"
"2017-08-28","30+","13936","44294","9135","0"
"2017-08-29","30+","10433","32369","6436","0"
"2017-08-30","30+","13512","42145","8641","0"
"2017-08-31","30+","16165","51463","11329","0"
"2017-09-01","30+","25493","82459","20524","0"
"2017-09-02","30+","28395","88089","18614","0"
"2017-09-03","30+","22287","68552","14108","0"
"2017-09-04","30+","19198","55401","11807","0"
"2017-09-05","30+","15181","42415","8674","0"
"2017-09-06","30+","12527","35658","6961","0"
"2017-09-07","30+","9113","26740","4789","0"
"2017-09-08","30+","8183","24357","4148","0"
"2017-09-09","30+","6824","21288","3457","0"
"2017-09-10","30+","2944","8919","1760","0"
"2017-09-11","30+","2042","6310","1661","0"
"2017-09-12","30+","10908","32953","6423","0"
"2017-09-13","30+","18705","55054","10268","0"
"2017-09-14","30+","16234","48146","9852","0"
"2017-09-15","30+","20177","61482","12972","0"
"2017-09-16","30+","32211","100889","18313","0"
"2017-09-17","30+","27592","81922","16242","0"
"2017-09-18","30+","18046","51671","10331","0"
"2017-09-19","30+","15676","48511","9236","0"
"2017-09-20","30+","22787","72562","15303","0"
"2017-09-21","30+","17756","55191","12456","0"
"2017-09-22","30+","20239","62202","13892","0"
"2017-09-23","30+","35948","112393","20644","0"
"2017-09-24","30+","33339","98626","20161","0"
"2017-09-25","30+","18124","51904","10882","0"
"2017-09-26","30+","14164","41139","8320","0"
"2017-09-27","30+","17109","51262","10727","0"
"2017-09-28","30+","15423","47322","11041","0"
"2017-09-29","30+","19948","64003","15481","0"
"2017-09-30","30+","31552","103723","19925","0"
"2017-10-01","30+","26059","80973","16597","0"
"2017-10-02","30+","14772","42721","9531","0"
"2017-10-03","30+","11568","34188","7305","0"
"2017-10-04","30+","18384","57573","12217","0"
"2017-10-05","30+","25437","80508","19038","0"
"2017-10-06","30+","24880","81539","19367","0"
"2017-10-07","30+","37209","123577","22995","0"
"2017-10-08","30+","30017","97713","19766","0"
"2017-10-09","30+","22225","68186","15119","0"
"2017-10-10","30+","15845","47708","10077","0"
"2017-10-11","30+","18736","56591","12016","0"
"2017-10-12","30+","19957","62555","14194","0"
"2017-10-13","30+","23627","76325","17268","0"
"2017-10-14","30+","38901","127402","23401","0"
"2017-10-15","30+","33056","101502","21013","0"
"2017-10-16","30+","18502","54590","12221","0"
"2017-10-17","30+","18034","55686","10980","0"
"2017-10-18","30+","20789","65883","13810","0"
"2017-10-19","30+","18768","59804","13869","0"
"2017-10-20","30+","21158","66724","15798","0"
"2017-10-21","30+","34908","109729","20203","0"
"2017-10-22","30+","30961","87924","18264","0"
"2017-10-23","30+","18144","52441","10907","0"
"2017-10-24","30+","15198","45162","9153","0"
"2017-10-25","30+","17994","55279","11808","0"
"2017-10-26","30+","20221","62877","14550","0"
"2017-10-27","30+","23011","71023","16827","0"
"2017-10-28","30+","32811","103219","19765","0"
"2017-10-29","30+","29095","86867","17585","0"
"2017-10-30","30+","17117","48289","10585","0"
"2017-10-31","30+","10677","30490","6625","0"
"2017-11-01","30+","21498","62699","13284","0"
"2017-11-02","30+","23459","68970","16444","0"
"2017-11-03","30+","23284","70680","17743","0"
"2017-11-04","30+","33562","108743","21297","0"
"2017-11-05","30+","31086","97254","19930","0"
"2017-11-06","30+","21714","63718","14694","0"
"2017-11-07","30+","17180","52374","11124","0"
"2017-11-08","30+","19312","60540","13616","0"
"2017-11-09","30+","17638","55334","13994","0"
"2017-11-10","30+","20305","63946","15947","0"
"2017-11-11","30+","35249","111804","22572","0"
"2017-11-12","30+","32257","98119","21018","0"
"2017-11-13","30+","15990","46865","11996","0"
"2017-11-14","30+","21991","69359","14460","0"
"2017-11-15","30+","15113","48786","11062","0"
"2017-11-16","30+","15307","52637","12159","0"
"2017-11-17","30+","20183","72605","16683","0"
"2017-11-18","30+","36996","133297","26495","0"
"2017-11-19","30+","32435","113438","23962","0"
"2017-11-20","30+","19316","66095","14854","0"
"2017-11-21","30+","17886","60886","14220","0"
"2017-11-22","30+","18959","65021","16215","0"
"2017-11-23","30+","13535","43364","11254","0"
"2017-11-24","30+","19960","64641","17351","0"
"2017-11-25","30+","43190","142041","27650","0"
"2017-11-26","30+","35485","110657","23405","0"
"2017-11-27","30+","23167","63716","13558","0"
"2017-11-28","30+","14606","42819","9159","0"
"2017-11-29","30+","15495","47345","10556","0"
"2017-11-30","30+","16817","52482","13830","0"
"2017-12-01","30+","22372","69931","18241","0"
"2017-12-02","30+","31428","99495","19429","0"
"2017-12-03","30+","27241","83909","17826","0"
"2017-12-04","30+","15529","45034","10761","0"
"2017-12-05","30+","12747","37498","8537","0"
"2017-12-06","30+","13322","41240","9817","0"
"2017-12-07","30+","16208","49598","14375","0"
"2017-12-08","30+","30723","99381","22892","0"
"2017-12-09","30+","36635","119989","23900","0"
"2017-12-10","30+","34426","105554","21934","0"
"2017-12-11","30+","18296","55557","12752","0"
"2017-12-12","30+","14647","45109","10247","0"
"2017-12-13","30+","15268","48386","11065","0"
"2017-12-14","30+","18598","60307","14551","0"
"2017-12-15","30+","24287","82589","20522","0"
"2017-12-16","30+","36188","126838","25530","0"
"2017-12-17","30+","28715","97884","21362","0"
"2017-12-18","30+","17360","58205","13589","0"
"2017-12-19","30+","14136","48000","11167","0"
"2017-12-20","30+","17665","60777","13184","0"
"2017-12-21","30+","23737","82541","17986","0"
"2017-12-22","30+","27253","96347","20503","0"
"2017-12-23","30+","35493","125216","24046","0"
"2017-12-24","30+","16890","58843","13485","0"
"2017-12-25","30+","14120","49269","10558","0"
"2017-12-26","30+","30571","108197","23073","0"
"2017-12-27","30+","25505","90601","19270","0"
"2017-12-28","30+","21029","72288","15493","0"
"2017-12-29","30+","20066","68357","15927","0"
"2017-12-30","30+","22998","78129","17985","0"
"2017-12-31","30+","15969","54861","14523","0"
"2018-01-01","30+","23899","82173","18572","0"
"2018-01-02","30+","29375","91595","19887","0"
"2018-01-03","30+","28697","84640","18607","0"
"2018-01-04","30+","18429","54759","13048","0"
"2018-01-05","30+","19292","57705","15097","0"
"2018-01-06","30+","20046","62845","14237","0"
"2018-01-07","30+","26600","80307","16796","0"
"2018-01-08","30+","25723","75117","16722","0"
"2018-01-09","30+","15671","46042","9931","0"
"2018-01-10","30+","17087","52327","11145","0"
"2018-01-11","30+","17532","55918","13323","0"
"2018-01-12","30+","19793","64839","16720","0"
"2018-01-13","30+","25300","82203","17246","0"
"2018-01-14","30+","24584","74405","14994","0"
"2018-01-15","30+","25474","75048","15799","0"
"2018-01-16","30+","17971","50259","10443","0"
"2018-01-17","30+","17859","53983","10996","0"
"2018-01-18","30+","19187","59506","14249","0"
"2018-01-19","30+","19551","61694","15089","0"
"2018-01-20","30+","28810","91668","17399","0"
"2018-01-21","30+","33273","92271","18667","0"
"2018-01-22","30+","17421","49069","10758","0"
"2018-01-23","30+","14255","42284","8843","0"
"2018-01-24","30+","17249","52925","11404","0"
"2018-01-25","30+","17818","55953","13144","0"
"2018-01-26","30+","19622","61463","15099","0"
"2018-01-27","30+","29271","92182","18317","0"
"2018-01-28","30+","27231","81322","17268","0"
"2018-01-29","30+","17197","49585","10892","0"
"2018-01-30","30+","16229","48136","9509","0"
"2018-01-31","30+","17805","56169","11887","0"
"2018-02-01","30+","25721","79397","17441","0"
"2018-02-02","30+","21073","66616","15988","0"
"2018-02-03","30+","28866","93931","18360","0"
"2018-02-04","30+","25225","76930","16218","0"
"2018-02-05","30+","15059","45150","10872","0"
"2018-02-06","30+","11342","34983","8135","0"
"2018-02-07","30+","12564","40907","8911","0"
"2018-02-08","30+","13339","45200","10279","0"
"2018-02-09","30+","17012","57841","14051","0"
"2018-02-10","30+","26552","92258","18262","0"
"2018-02-11","30+","19371","62902","13249","0"
"2018-02-12","30+","22606","69229","15586","0"
"2018-02-13","30+","17830","55788","12275","0"
"2018-02-14","30+","23242","76515","16666","0"
"2018-02-15","30+","20943","71628","17059","0"
"2018-02-16","30+","22290","75703","19056","0"
"2018-02-17","30+","27816","96148","19869","0"
"2018-02-18","30+","23151","75411","16231","0"
"2018-02-19","30+","22376","70468","17161","0"
"2018-02-20","30+","15956","48908","11694","0"
"2018-02-21","30+","19317","58038","13296","0"
"2018-02-22","30+","23736","70098","18132","0"
"2018-02-23","30+","21907","66011","18424","0"
"2018-02-24","30+","24946","79521","17427","0"
"2018-02-25","30+","28654","87968","18332","0"
"2018-02-26","30+","21480","62684","14438","0"
"2018-02-27","30+","16021","48044","10371","0"
"2018-02-28","30+","18624","55714","12358","0"
"2018-03-01","30+","21527","66330","15840","0"
"2018-03-02","30+","20104","62625","15586","0"
"2018-03-03","30+","30058","96669","19327","0"
"2018-03-04","30+","28674","87002","15941","0"
"2018-03-05","30+","16843","48946","9442","0"
"2018-03-06","30+","16017","44538","10558","0"
"2018-03-07","30+","14718","45595","10907","0"
"2018-03-08","30+","17074","56129","12754","0"
"2018-03-09","30+","20945","69496","13184","0"
"2018-03-10","30+","35331","123839","18397","0"
"2018-03-11","30+","29311","100460","21596","0"
"2018-03-12","30+","20185","64131","15455","0"
"2018-03-13","30+","14943","47395","11527","0"
"2018-03-14","30+","14929","46544","11370","0"
"2018-03-15","30+","15055","47003","12460","0"
"2018-03-16","30+","19091","59806","15652","0"
"2018-03-17","30+","26633","87803","18728","0"
"2018-03-18","30+","26382","81372","18012","0"
"2018-03-19","30+","18775","51691","12844","0"
"2018-03-20","30+","13975","41276","10124","0"
"2018-03-21","30+","16513","52258","13173","0"
"2018-03-22","30+","17563","58431","14315","0"
"2018-03-23","30+","22295","76441","17754","0"
"2018-03-24","30+","38079","133194","26502","0"
"2018-03-25","30+","30302","103644","22912","0"
"2018-03-26","30+","18082","62041","14795","0"
"2018-03-27","30+","15261","53147","12004","0"
"2018-03-28","30+","19762","69745","15627","0"
"2018-03-29","30+","20890","73843","16801","0"
"2018-03-30","30+","27413","99272","20595","0"
"2018-03-31","30+","34170","123168","23914","0"
"2018-04-01","30+","26200","93905","19773","0"
"2018-04-02","30+","23945","85184","19299","0"
"2018-04-03","30+","15796","53940","12977","0"
"2018-04-04","30+","14701","49345","12169","0"
"2018-04-05","30+","14260","46031","12093","0"
"2018-04-06","30+","20180","62967","15524","0"
"2018-04-07","30+","27940","84649","17405","0"
"2018-04-08","30+","29888","85165","18439","0"
"2018-04-09","30+","17537","51167","11457","0"
"2018-04-10","30+","13713","41836","9056","0"
"2018-04-11","30+","18396","56986","12491","0"
"2018-04-12","30+","19808","62108","14745","0"
"2018-04-13","30+","20196","65023","15959","0"
"2018-04-14","30+","31230","99897","19668","0"
"2018-04-15","30+","26981","84811","18292","0"
"2018-04-16","30+","18050","55458","12580","0"
"2018-04-17","30+","15292","46335","10574","0"
"2018-04-18","30+","20238","60670","13238","0"
"2018-04-19","30+","23066","68670","17828","0"
"2018-04-20","30+","22394","68872","18132","0"
"2018-04-21","30+","28717","90058","18187","0"
"2018-04-22","30+","25505","77400","16580","0"
"2018-04-23","30+","17731","51799","11822","0"
"2018-04-24","30+","14301","42693","9172","0"
"2018-04-25","30+","15339","46430","10343","0"
"2018-04-26","30+","22238","69586","16057","0"
"2018-04-27","30+","19040","58822","15085","0"
"2018-04-28","30+","25772","79999","15873","0"
"2018-04-29","30+","21806","66067","14052","0"
"2018-04-30","30+","14468","42556","9796","0"
"2018-05-01","30+","15398","46245","9517","0"
"2018-05-02","30+","14060","44024","9626","0"
"2018-05-03","30+","15643","50132","11683","0"
"2018-05-04","30+","17875","57319","14444","0"
"2018-05-05","30+","24037","76953","14809","0"
"2018-05-06","30+","22783","70022","14567","0"
"2018-05-07","30+","20030","57644","13747","0"
"2018-05-08","30+","14758","42157","9043","0"
"2018-05-09","30+","14349","43937","9837","0"
"2018-05-10","30+","12468","40396","9549","0"
"2018-05-11","30+","14487","47348","11596","0"
"2018-05-12","30+","24726","79470","15452","0"
"2018-05-13","30+","22729","69003","14100","0"
"2018-05-14","30+","25982","72198","15822","0"
"2018-05-15","30+","17781","52010","10724","0"
"2018-05-16","30+","17275","52190","11592","0"
"2018-05-17","30+","17599","54166","12298","0"
"2018-05-18","30+","19160","61248","14362","0"
"2018-05-19","30+","28758","92198","17448","0"
"2018-05-20","30+","28709","90441","18214","0"
"2018-05-21","30+","17678","54261","11643","0"
"2018-05-22","30+","13833","43574","9002","0"
"2018-05-23","30+","16635","56033","11618","0"
"2018-05-24","30+","18487","63608","14099","0"
"2018-05-25","30+","24464","84349","20646","0"
"2018-05-26","30+","28026","97874","19936","0"
"2018-05-27","30+","22190","77764","16005","0"
"2018-05-28","30+","20000","69912","15576","0"
"2018-05-29","30+","17318","59787","12664","0"
"2018-05-30","30+","16782","56710","12228","0"
"2018-05-31","30+","15073","50455","11660","0"
"2018-06-01","30+","21092","72099","16894","0"
"2018-06-02","30+","30532","108052","20417","0"
"2018-06-03","30+","33857","117975","23587","0"
"2018-06-04","30+","23225","76208","16449","0"
"2018-06-05","30+","16162","55573","11481","0"
"2018-06-06","30+","15821","53497","11686","0"
"2018-06-07","30+","14324","48977","11352","0"
"2018-06-08","30+","17591","60326","14132","0"
"2018-06-09","30+","29602","104014","20093","0"
"2018-06-10","30+","32424","113399","22546","0"
"2018-06-11","30+","19786","68161","15067","0"
"2018-06-12","30+","17522","54741","11552","0"
"2018-06-13","30+","14326","48171","10475","0"
"2018-06-14","30+","13411","45314","10566","0"
"2018-06-15","30+","16555","56177","13187","0"
"2018-06-16","30+","27896","96256","18096","0"
"2018-06-17","30+","29837","101373","20141","0"
"2018-06-18","30+","20090","67674","14438","0"
"2018-06-19","30+","15893","54540","11403","0"
"2018-06-20","30+","17639","60329","13004","0"
"2018-06-21","30+","16180","55202","12718","0"
"2018-06-22","30+","17017","59853","13738","0"
"2018-06-23","30+","29302","100638","19266","0"
"2018-06-24","30+","31826","106903","21837","0"
"2018-06-25","30+","21679","73573","15501","0"
"2018-06-26","30+","17131","58114","11666","0"
"2018-06-27","30+","17614","58982","12570","0"
"2018-06-28","30+","16938","58038","12212","0"
"2018-06-29","30+","20817","71965","15660","0"
"2018-06-30","30+","28613","102516","18747","0"
"2018-07-01","30+","26277","94195","17917","0"
"2018-07-02","30+","17410","61302","12955","0"
"2018-07-03","30+","16046","56078","12238","0"
"2018-07-04","30+","14634","50605","11270","0"
"2018-07-05","30+","16446","56948","11642","0"
"2018-07-06","30+","18089","63921","13444","0"
"2018-07-07","30+","25377","90218","16422","0"
"2018-07-08","30+","27015","96913","18385","0"
"2018-07-09","30+","22378","76192","14252","0"
"2018-07-10","30+","17194","59393","11168","0"
"2018-07-11","30+","16622","56177","10987","0"
"2018-07-12","30+","16841","57798","11809","0"
"2018-07-13","30+","17174","59937","12492","0"
"2018-07-14","30+","27014","94129","16432","0"
"2018-07-15","30+","27567","96992","18908","0"
"2018-07-16","30+","20884","67989","14445","0"
"2018-07-17","30+","16452","54952","10852","0"
"2018-07-18","30+","15193","51924","10420","0"
"2018-07-19","30+","13249","45149","9965","0"
"2018-07-20","30+","15137","52375","11947","0"
"2018-07-21","30+","25302","88722","16307","0"
"2018-07-22","30+","23625","84762","16915","0"
"2018-07-23","30+","20782","71291","14132","0"
"2018-07-24","30+","16076","55161","10550","0"
"2018-07-25","30+","16043","54223","10791","0"
"2018-07-26","30+","13543","47011","9776","0"
"2018-07-27","30+","15619","54728","12366","0"
"2018-07-28","30+","21754","77018","14298","0"
"2018-07-29","30+","21998","76667","14937","0"
"2018-07-30","30+","15822","55145","10988","0"
"2018-07-31","30+","13149","45967","8691","0"
"2018-08-01","30+","18402","64625","11701","0"
"2018-08-02","30+","16907","59116","11725","0"
"2018-08-03","30+","16761","58309","12088","0"
"2018-08-04","30+","23015","81891","14622","0"
"2018-08-05","30+","23234","80762","15288","0"
"2018-08-06","30+","17765","60989","10431","0"
"2018-08-07","30+","14768","51129","8951","0"
"2018-08-08","30+","15264","51534","9721","0"
"2018-08-09","30+","13946","48230","9973","0"
"2018-08-10","30+","17217","58999","12942","0"
"2018-08-11","30+","24119","83534","15049","0"
"2018-08-12","30+","24022","82212","15140","0"
"2018-08-13","30+","20053","66833","12803","0"
"2018-08-14","30+","17982","62600","10521","0"
"2018-08-15","30+","18980","65359","12163","0"
"2018-08-16","30+","17610","60154","10976","0"
"2018-08-17","30+","18247","62142","13012","0"
"2018-08-18","30+","24942","88117","15072","0"
"2018-08-19","30+","23349","80171","14964","0"
"2018-08-20","30+","25204","85443","15216","0"
"2018-08-21","30+","17203","59218","10147","0"
"2018-08-22","30+","16056","54331","9860","0"
"2018-08-23","30+","15192","50463","9748","0"
"2018-08-24","30+","17250","57633","12014","0"
"2018-08-25","30+","24798","82566","14948","0"
"2018-08-26","30+","20813","66452","13057","0"
"2018-08-27","30+","15255","44910","9839","0"
"2018-08-28","30+","10308","32226","6543","0"
"2018-08-29","30+","11700","36602","7806","0"
"2018-08-30","30+","15269","47772","10867","0"
"2018-08-31","30+","23039","74773","19960","0"
"2018-09-01","30+","28759","89003","19195","0"
"2018-09-02","30+","22027","65824","12895","0"
"2018-09-03","30+","21793","62234","12871","0"
"2018-09-04","30+","15974","44418","8418","0"
"2018-09-05","30+","15255","42876","8144","0"
"2018-09-06","30+","17084","50020","10450","0"
"2018-09-07","30+","23130","71048","16376","0"
"2018-09-08","30+","33858","103266","19151","0"
"2018-09-09","30+","28517","83368","16049","0"
"2018-09-10","30+","19547","54114","10606","0"
"2018-09-11","30+","15014","41101","7986","0"
"2018-09-12","30+","17676","49782","9890","0"
"2018-09-13","30+","16327","47197","10448","0"
"2018-09-14","30+","21514","65081","15057","0"
"2018-09-15","30+","33485","103098","19184","0"
"2018-09-16","30+","29336","88735","17351","0"
"2018-09-17","30+","18107","51767","10416","0"
"2018-09-18","30+","16772","49968","9866","0"
"2018-09-19","30+","17474","52302","11665","0"
"2018-09-20","30+","17285","51430","11444","0"
"2018-09-21","30+","21376","64874","15307","0"
"2018-09-22","30+","35850","111645","20190","0"
"2018-09-23","30+","30775","89714","17950","0"
"2018-09-24","30+","19045","52064","11324","0"
"2018-09-25","30+","15492","43640","9270","0"
"2018-09-26","30+","18292","55561","12673","0"
"2018-09-27","30+","17475","53183","12261","0"
"2018-09-28","30+","22091","68716","16404","0"
"2018-09-29","30+","36570","117680","21768","0"
"2018-09-30","30+","24024","74046","15374","0"
"2018-10-01","30+","15487","45085","9957","0"
"2018-10-02","30+","12884","38212","8600","0"
"2018-10-03","30+","18993","61499","14220","0"
"2018-10-04","30+","25046","81336","19635","0"
"2018-10-05","30+","25271","83246","19763","0"
"2018-10-06","30+","38859","129319","23882","0"
"2018-10-07","30+","30898","98031","19664","0"
"2018-10-08","30+","23869","72514","16316","0"
"2018-10-09","30+","17914","52079","11598","0"
"2018-10-10","30+","18309","56211","12361","0"
"2018-10-11","30+","17840","56236","13272","0"
"2018-10-12","30+","23502","76674","17603","0"
"2018-10-13","30+","40386","124129","23010","0"
"2018-10-14","30+","36469","98841","20582","2"
"2018-10-15","30+","19168","54411","11965","10"
"2018-10-16","30+","16272","49812","10130","96"
"2018-10-17","30+","18901","60430","12802","136"
"2018-10-18","30+","23622","73150","17341","229"
"2018-10-19","30+","22292","69313","17027","260"
"2018-10-20","30+","35343","112954","20519","231"
"2018-10-21","30+","30848","90004","18261","330"
"2018-10-22","30+","21648","57597","12387","223"
"2018-10-23","30+","16394","48265","9416","145"
"2018-10-24","30+","19242","58968","12766","158"
"2018-10-25","30+","20879","64134","14816","224"
"2018-10-26","30+","23433","72424","17533","344"
"2018-10-27","30+","33772","104205","19466","263"
"2018-10-28","30+","28198","83680","17366","320"
"2018-10-29","30+","18923","53954","11473","199"
"2018-10-30","30+","16366","48106","9995","129"
"2018-10-31","30+","14900","42746","9898","181"
"2018-11-01","30+","24977","73617","17619","253"
"2018-11-02","30+","24792","74751","18689","342"
"2018-11-03","30+","33798","107317","20743","215"
"2018-11-04","30+","29625","87420","18052","237"
"2018-11-05","30+","23088","68343","15799","173"
"2018-11-06","30+","20025","61277","12952","145"
"2018-11-07","30+","21483","64732","14643","152"
"2018-11-08","30+","19322","59929","14116","161"
"2018-11-09","30+","22009","68571","16299","244"
"2018-11-10","30+","36528","116578","22586","205"
"2018-11-11","30+","31064","96237","20231","264"
"2018-11-12","30+","21324","62564","14520","175"
"2018-11-13","30+","14394","41643","9688","162"
"2018-11-14","30+","16251","48501","11209","161"
"2018-11-15","30+","18331","60300","14326","287"
"2018-11-16","30+","25562","90082","23605","442"
"2018-11-17","30+","40039","141837","28065","328"
"2018-11-18","30+","31321","107872","23427","410"
"2018-11-19","30+","18919","64003","15058","243"
"2018-11-20","30+","19340","65440","15036","267"
"2018-11-21","30+","20823","70558","17321","374"
"2018-11-22","30+","14319","46024","11014","241"
"2018-11-23","30+","21280","68418","17987","418"
"2018-11-24","30+","46920","154107","28882","434"
"2018-11-25","30+","35853","110275","22813","460"
"2018-11-26","30+","20217","61015","12790","267"
"2018-11-27","30+","19972","59590","11629","186"
"2018-11-28","30+","18388","56134","12319","231"
"2018-11-29","30+","16332","51205","12867","204"
"2018-11-30","30+","19751","61765","15293","257"
"2018-12-01","30+","35783","113526","21809","363"
"2018-12-02","30+","29308","88301","18347","383"
"2018-12-03","30+","17766","51244","11415","311"
"2018-12-04","30+","13391","39596","9056","225"
"2018-12-05","30+","15933","49420","11450","203"
"2018-12-06","30+","16575","50249","13566","362"
"2018-12-07","30+","28632","89677","19905","408"
"2018-12-08","30+","41210","130126","25276","445"
"2018-12-09","30+","33234","104349","21192","519"
"2018-12-10","30+","19048","56509","11751","435"
"2018-12-11","30+","14821","44753","9992","306"
"2018-12-12","30+","17555","53678","11899","397"
"2018-12-13","30+","18365","56318","13766","486"
"2018-12-14","30+","22225","73767","18672","562"
"2018-12-15","30+","35042","117793","23944","453"
"2018-12-16","30+","28853","93939","20328","464"
"2018-12-17","30+","17571","57052","13089","414"
"2018-12-18","30+","14431","47671","11029","227"
"2018-12-19","30+","17416","59750","13410","323"
"2018-12-20","30+","18917","66268","14483","438"
"2018-12-21","30+","25203","87625","19557","649"
"2018-12-22","30+","36178","124928","23993","747"
"2018-12-23","30+","32252","112638","22525","838"
"2018-12-24","30+","15435","52759","12355","592"
"2018-12-25","30+","14886","51611","11011","968"
"2018-12-26","30+","30529","107140","22453","1620"
"2018-12-27","30+","27967","98466","20633","1412"
"2018-12-28","30+","23199","80003","17679","1804"
"2018-12-29","30+","23824","80393","17884","1644"
"2018-12-30","30+","21711","74204","17497","1472"
"2018-12-31","30+","14425","49428","13750","1399"
"2019-01-01","30+","28677","100547","22231","956"
"2019-01-02","30+","29641","97939","22540","1379"
"2019-01-03","30+","18747","60768","14161","686"
"2019-01-04","30+","16170","53017","12962","415"
"2019-01-05","30+","21309","69410","14483","547"
"2019-01-06","30+","22011","66625","14180","568"
"2019-01-07","30+","15705","46222","9925","452"
"2019-01-08","30+","19535","54507","10124","439"
"2019-01-09","30+","26267","73415","15872","636"
"2019-01-10","30+","19706","56258","13456","630"
"2019-01-11","30+","18658","54696","14669","584"
"2019-01-12","30+","22214","67893","13767","545"
"2019-01-13","30+","25095","74419","14839","624"
"2019-01-14","30+","17539","49724","11103","487"
"2019-01-15","30+","12447","37040","7573","409"
"2019-01-16","30+","18909","60630","12658","474"
"2019-01-17","30+","25750","82832","19623","719"
"2019-01-18","30+","23925","78429","19881","746"
"2019-01-19","30+","27125","87135","18098","706"
"2019-01-20","30+","21790","70173","14234","768"
"2019-01-21","30+","24456","73720","16134","819"
"2019-01-22","30+","18328","52298","11224","600"
"2019-01-23","30+","17853","54138","11626","683"
"2019-01-24","30+","16443","50306","11836","683"
"2019-01-25","30+","20001","62806","15330","742"
"2019-01-26","30+","32529","104200","20562","914"
"2019-01-27","30+","29906","88303","19191","974"
"2019-01-28","30+","16604","47505","10802","699"
"2019-01-29","30+","15041","44027","9012","535"
"2019-01-30","30+","16618","51158","10596","677"
"2019-01-31","30+","19774","61934","13562","651"
"2019-02-01","30+","22856","71854","16296","803"
"2019-02-02","30+","29579","94739","18565","1133"
"2019-02-03","30+","27246","83203","17159","1303"
"2019-02-04","30+","15691","44572","10677","988"
"2019-02-05","30+","14483","40838","9549","753"
"2019-02-06","30+","14481","44236","10165","777"
"2019-02-07","30+","14675","47045","11492","778"
"2019-02-08","30+","16553","52911","13329","893"
"2019-02-09","30+","24858","79208","15824","1066"
"2019-02-10","30+","23725","70022","15115","1449"
"2019-02-11","30+","21749","60776","14461","1408"
"2019-02-12","30+","15325","46694","11331","876"
"2019-02-13","30+","21945","72551","15845","1170"
"2019-02-14","30+","24971","82522","19727","1781"
"2019-02-15","30+","24404","81954","20892","1585"
"2019-02-16","30+","31876","107984","21731","1584"
"2019-02-17","30+","25559","82195","17888","1944"
"2019-02-18","30+","21847","68888","16821","1986"
"2019-02-19","30+","16510","49331","11965","1520"
"2019-02-20","30+","19020","56525","13303","1403"
"2019-02-21","30+","26705","76635","20257","1591"
"2019-02-22","30+","22266","66318","18389","1517"
"2019-02-23","30+","28243","87380","18745","1881"
"2019-02-24","30+","32182","93896","19986","2559"
"2019-02-25","30+","21580","62179","14641","2018"
"2019-02-26","30+","17046","50527","10971","1260"
"2019-02-27","30+","20056","60271","13721","1730"
"2019-02-28","30+","20928","64868","15772","1919"
"2019-03-01","30+","24370","77980","18345","1888"
"2019-03-02","30+","37375","124598","23800","2614"
"2019-03-03","30+","33276","100206","21181","2492"
"2019-03-04","30+","18384","56180","13099","1938"
"2019-03-05","30+","16285","46997","10953","1484"
"2019-03-06","30+","18390","54357","13008","1540"
"2019-03-07","30+","16445","51828","13111","1282"
"2019-03-08","30+","20576","68334","16359","2056"
"2019-03-09","30+","36155","121855","24153","3335"
"2019-03-10","30+","30425","99988","21348","3925"
"2019-03-11","30+","20799","63213","15263","2948"
"2019-03-12","30+","14218","42339","10267","1689"
"2019-03-13","30+","15061","46134","11505","1538"
"2019-03-14","30+","17114","54978","13563","1679"
"2019-03-15","30+","21366","70342","17559","1907"
"2019-03-16","30+","33900","113270","23377","3018"
"2019-03-17","30+","29229","96088","21107","3301"
"2019-03-18","30+","19054","59623","14906","2498"
"2019-03-19","30+","16755","50416","12426","1815"
"2019-03-20","30+","17407","56219","14443","1850"
"2019-03-21","30+","19434","61984","16024","1954"
"2019-03-22","30+","22394","73444","17700","2360"
"2019-03-23","30+","41254","140993","27322","4239"
"2019-03-24","30+","36379","120334","25749","4798"
"2019-03-25","30+","19085","62201","14928","3260"
"2019-03-26","30+","16626","53331","12391","2479"
"2019-03-27","30+","17761","55770","13997","2669"
"2019-03-28","30+","17955","58428","14536","2196"
"2019-03-29","30+","23398","77124","18492","2491"
"2019-03-30","30+","38317","131248","25414","4553"
"2019-03-31","30+","33359","106507","22454","5029"
"2019-04-01","30+","22455","64750","14888","3538"
"2019-04-02","30+","15115","47157","10388","1905"
"2019-04-03","30+","19704","60352","12994","1893"
"2019-04-04","30+","22102","66424","16537","1697"
"2019-04-05","30+","22918","71630","18075","1698"
"2019-04-06","30+","27863","87851","17616","2407"
"2019-04-07","30+","27541","81161","15519","2954"
"2019-04-08","30+","16823","47246","11112","2398"
"2019-04-09","30+","12534","36915","8456","1550"
"2019-04-10","30+","18338","57578","12723","2074"
"2019-04-11","30+","18641","60351","14780","2078"
"2019-04-12","30+","21617","73596","16455","2580"
"2019-04-13","30+","37091","129506","24351","4342"
"2019-04-14","30+","27621","95582","20044","4659"
"2019-04-15","30+","18024","59855","14237","3864"
"2019-04-16","30+","14468","48133","10936","2450"
"2019-04-17","30+","16637","58311","13150","3059"
"2019-04-18","30+","18199","63422","15127","3137"
"2019-04-19","30+","20798","72651","16493","2985"
"2019-04-20","30+","21785","75741","15375","3269"
"2019-04-21","30+","18741","62393","13273","3141"
"2019-04-22","30+","21250","69777","16011","4097"
"2019-04-23","30+","14612","46213","10565","2365"
"2019-04-24","30+","17494","53207","12125","2197"
"2019-04-25","30+","19100","59060","13772","1716"
"2019-04-26","30+","22366","67242","16417","1690"
"2019-04-27","30+","26695","79737","17351","2984"
"2019-04-28","30+","32695","97242","20501","6347"
"2019-04-29","30+","16167","45439","10608","3014"
"2019-04-30","30+","14139","41310","9339","2025"
"2019-05-01","30+","17783","54463","11572","2184"
"2019-05-02","30+","14864","46427","10739","1816"
"2019-05-03","30+","16009","49767","12297","2410"
"2019-05-04","30+","26360","82606","15667","4867"
"2019-05-05","30+","27101","81448","16261","5024"
"2019-05-06","30+","19150","53791","13100","4255"
"2019-05-07","30+","13692","39299","8491","2339"
"2019-05-08","30+","13856","42054","9245","2768"
"2019-05-09","30+","12364","39373","9204","2056"
"2019-05-10","30+","17567","55889","14062","2334"
"2019-05-11","30+","25128","79514","15296","4396"
"2019-05-12","30+","24048","74839","14838","5045"
"2019-05-13","30+","27958","78760","17799","6380"
"2019-05-14","30+","18842","53688","11199","3569"
"2019-05-15","30+","18059","53991","11389","3489"
"2019-05-16","30+","16612","51525","12137","3112"
"2019-05-17","30+","20776","65242","15359","3117"
"2019-05-18","30+","30382","95797","18687","5440"
"2019-05-19","30+","30950","93170","19093","6292"
"2019-05-20","30+","18630","55245","12843","4414"
"2019-05-21","30+","14125","42554","9305","2645"
"2019-05-22","30+","16486","54387","11091","3212"
"2019-05-23","30+","18228","60319","13497","3702"
"2019-05-24","30+","25810","88370","22318","4097"
"2019-05-25","30+","29881","104840","21503","6136"
"2019-05-26","30+","26851","93663","18146","6514"
"2019-05-27","30+","23109","78177","16945","6218"
"2019-05-28","30+","18665","61526","13057","4178"
"2019-05-29","30+","18928","61010","13346","3609"
"2019-05-30","30+","14258","47193","11024","2937"
"2019-05-31","30+","18250","61067","15348","3728"
"2019-06-01","30+","32404","110631","21221","7706"
"2019-06-02","30+","32701","113006","22898","9039"
"2019-06-03","30+","20860","69560","14938","6213"
"2019-06-04","30+","16647","54466","11281","4075"
"2019-06-05","30+","16282","53506","11602","4061"
"2019-06-06","30+","15563","50558","12020","3505"
"2019-06-07","30+","18605","61277","14794","3673"
"2019-06-08","30+","28301","99148","19017","6881"
"2019-06-09","30+","29793","102440","20685","8510"
"2019-06-10","30+","20893","69311","15066","6662"
"2019-06-11","30+","17442","55043","11891","4153"
"2019-06-12","30+","17715","58103","13055","4110"
"2019-06-13","30+","14170","47626","11634","3175"
"2019-06-14","30+","17120","57755","14016","3215"
"2019-06-15","30+","27773","96386","18504","6724"
"2019-06-16","30+","29664","102500","20308","7051"
"2019-06-17","30+","22916","73971","15714","6012"
"2019-06-18","30+","26826","81825","16666","4418"
"2019-06-19","30+","20574","65037","14323","3670"
"2019-06-20","30+","16818","55483","12610","3192"
"2019-06-21","30+","16085","54461","13056","3102"
"2019-06-22","30+","28109","97558","18557","6179"
"2019-06-23","30+","32592","111799","22294","8216"
"2019-06-24","30+","21376","72160","15554","6175"
"2019-06-25","30+","17194","55672","11938","3588"
"2019-06-26","30+","17203","55989","12045","3427"
"2019-06-27","30+","15474","51543","11641","3045"
"2019-06-28","30+","20829","72402","15926","3115"
"2019-06-29","30+","24699","87216","16309","4475"
"2019-06-30","30+","24848","88207","16679","5257"
"2019-07-01","30+","18480","64609","12591","4265"
"2019-07-02","30+","15376","52651","10680","3040"
"2019-07-03","30+","19434","65445","15199","3090"
"2019-07-04","30+","13352","45247","11864","2141"
"2019-07-05","30+","25958","92253","17939","7982"
"2019-07-06","30+","28423","100413","18336","7949"
"2019-07-07","30+","28262","98491","19532","8810"
"2019-07-08","30+","19726","66982","14592","6700"
"2019-07-09","30+","16035","54223","12032","5298"
"2019-07-10","30+","13771","46755","11534","4839"
"2019-07-11","30+","11219","36872","11204","3485"
"2019-07-12","30+","9199","31542","12297","3662"
"2019-07-13","30+","9525","33080","17419","6440"
"2019-07-14","30+","182","574","385","159"
