Date,Room_Counts,Guest_Count,No_DVC_Room_Count,No_DVC_Guest_Count
2014-01-01,26470,89970,21935,71721
2014-01-02,26814,90207,22210,71740
2014-01-03,25363,84577,20796,66642
2014-01-04,23652,77309,19157,60272
2014-01-05,22528,71391,18267,55743
2014-01-06,21774,67078,17799,52674
2014-01-07,22006,65737,18104,51839
2014-01-08,24351,71224,20155,56273
2014-01-09,26101,76003,21705,60410
2014-01-10,27859,80837,23409,64996
2014-01-11,27956,80418,23512,64628
2014-01-12,25136,71381,20890,56532
2014-01-13,20880,59677,17154,46986
2014-01-14,19473,55270,16012,43664
2014-01-15,20189,58016,16694,46203
2014-01-16,23572,70594,19728,57115
2014-01-17,27126,84309,22774,68529
2014-01-18,27993,88843,23486,72278
2014-01-19,27538,87568,23076,71155
2014-01-20,23083,70593,19152,56694
2014-01-21,22356,65626,18549,52541
2014-01-22,22476,64602,18711,51688
2014-01-23,23523,68585,19595,55192
2014-01-24,24892,74458,20722,60103
2014-01-25,25822,76283,21591,61837
2014-01-26,25403,69047,21410,55787
2014-01-27,24048,64374,20255,51963
2014-01-28,23684,62817,19981,50873
2014-01-29,23383,64405,19659,52326
2014-01-30,25841,73272,22063,60814
2014-01-31,26813,78999,22983,66050
2014-02-01,27000,80565,23285,67878
2014-02-02,24727,74237,21283,62737
2014-02-03,23544,69376,20146,58253
2014-02-04,23422,67655,19900,56224
2014-02-05,24451,71378,20688,59008
2014-02-06,26982,81169,22965,67843
2014-02-07,27609,85852,23321,71286
2014-02-08,27552,85401,23302,70967
2014-02-09,26270,77208,22539,64965
2014-02-10,23997,67270,20540,56114
2014-02-11,21859,62430,18527,51575
2014-02-12,22703,66948,19149,54897
2014-02-13,23115,70765,19262,57171
2014-02-14,25120,79857,20925,64691
2014-02-15,26893,86872,22442,70168
2014-02-16,26949,85760,22544,68931
2014-02-17,24780,77020,20426,60543
2014-02-18,23887,73120,19642,57181
2014-02-19,23637,72670,19408,56857
2014-02-20,26707,80084,22280,63560
2014-02-21,27844,82187,23351,65722
2014-02-22,27817,80709,23373,64926
2014-02-23,25725,73845,21586,59563
2014-02-24,24919,69393,21159,56919
2014-02-25,24191,66857,20624,55303
2014-02-26,25359,70625,21640,58547
2014-02-27,25509,75503,21625,62634
2014-02-28,26535,82408,22498,68584
2014-03-01,27944,88781,23616,73362
2014-03-02,27501,86339,23218,71221
2014-03-03,27506,84141,23266,69254
2014-03-04,26985,81424,22863,67085
2014-03-05,26546,79662,22507,65723
2014-03-06,26482,78992,22389,64921
2014-03-07,24579,75061,20549,61082
2014-03-08,23869,73542,19751,59079
2014-03-09,22075,70284,17888,55451
2014-03-10,23033,72670,18792,57636
2014-03-11,23224,72284,18970,57176
2014-03-12,23953,74023,19673,58852
2014-03-13,25406,79276,21117,63941
2014-03-14,25477,81182,21265,66113
2014-03-15,25924,82899,21656,67603
2014-03-16,25878,82620,21591,67173
2014-03-17,25253,79995,20966,64596
2014-03-18,25056,78382,20768,63071
2014-03-19,25717,79694,21406,64332
2014-03-20,26310,82352,21901,66495
2014-03-21,26264,84119,21885,68316
2014-03-22,27489,89051,23061,72818
2014-03-23,27533,89346,23064,72659
2014-03-24,27859,90032,23401,73234
2014-03-25,27939,90208,23466,73312
2014-03-26,27946,90987,23472,74061
2014-03-27,27564,90593,23130,73710
2014-03-28,25795,84320,21541,68421
2014-03-29,24532,79402,20420,64266
2014-03-30,23063,73118,19044,58349
2014-03-31,23366,73710,19453,59279
2014-04-01,23406,73641,19525,59271
2014-04-02,23700,74881,19766,60436
2014-04-03,24852,79163,20849,64444
2014-04-04,24427,78526,20396,63810
2014-04-05,24505,78544,20542,64161
2014-04-06,22994,71792,19074,57437
2014-04-07,23786,73244,19894,58952
2014-04-08,23644,72729,19758,58472
2014-04-09,23601,73703,19704,59269
2014-04-10,23517,75330,19630,60921
2014-04-11,22618,73835,18737,59371
2014-04-12,23161,76835,19060,61228
2014-04-13,22129,74970,17969,58612
2014-04-14,23054,78309,18790,61296
2014-04-15,23013,78522,18694,61215
2014-04-16,22875,78839,18490,61114
2014-04-17,22324,78011,17942,60215
2014-04-18,20513,71947,16292,54822
2014-04-19,18433,64501,14604,49053
2014-04-20,18273,63501,14678,49030
2014-04-21,20889,71080,17300,56787
2014-04-22,21797,72662,18281,58828
2014-04-23,23260,76131,19728,62461
2014-04-24,25672,82621,22058,68779
2014-04-25,26040,83358,22491,70234
2014-04-26,25794,80504,22356,68393
2014-04-27,24904,75234,21431,63592
2014-04-28,25108,73433,21636,62013
2014-04-29,22720,65079,19276,53821
2014-04-30,23295,66641,19630,54712
2014-05-01,26120,77463,22068,63873
2014-05-02,26923,83070,22691,68530
2014-05-03,27517,84558,23183,69491
2014-05-04,26604,79036,22341,64394
2014-05-05,25516,74024,21321,59844
2014-05-06,25365,72276,21190,58220
2014-05-07,25145,72866,20920,58621
2014-05-08,25678,75636,21403,61112
2014-05-09,26529,80516,22210,65536
2014-05-10,26071,80048,21790,65059
2014-05-11,23186,70025,19114,56105
2014-05-12,23330,68791,19317,55227
2014-05-13,23605,68681,19616,55295
2014-05-14,24449,71249,20387,57503
2014-05-15,25806,76163,21582,61623
2014-05-16,27301,82802,22951,67526
2014-05-17,27331,83169,22970,67803
2014-05-18,23991,70944,19827,56423
2014-05-19,23609,68495,19573,54462
2014-05-20,23124,66866,19213,53199
2014-05-21,23426,69088,19501,55232
2014-05-22,24746,76158,20567,61127
2014-05-23,27346,87423,22893,70921
2014-05-24,27819,91176,23264,73863
2014-05-25,27614,91910,23080,74357
2014-05-26,23126,76247,19003,60571
2014-05-27,22656,74432,18635,59216
2014-05-28,23036,74935,18976,59599
2014-05-29,23613,76840,19472,61196
2014-05-30,23753,77961,19572,62180
2014-05-31,23146,75747,18975,59992
2014-06-01,21296,69066,17233,53310
2014-06-02,21683,69420,17672,53705
2014-06-03,21316,68246,17376,52803
2014-06-04,21150,68770,17158,53058
2014-06-05,21302,70244,17191,54186
2014-06-06,21142,70893,17003,54745
2014-06-07,21739,73066,17580,56770
2014-06-08,23192,78515,18932,61463
2014-06-09,25215,85212,20868,67724
2014-06-10,25863,87292,21556,69949
2014-06-11,26031,88200,21722,70776
2014-06-12,25825,87303,21488,69874
2014-06-13,24514,82658,20280,65783
2014-06-14,23151,77230,19016,60811
2014-06-15,24060,80055,19777,62833
2014-06-16,24978,82836,20643,65350
2014-06-17,25432,84425,21015,66655
2014-06-18,25431,85489,20948,67345
2014-06-19,25399,85556,20895,67349
2014-06-20,24337,82419,19962,64781
2014-06-21,23873,79812,19549,62645
2014-06-22,24107,80337,19685,62512
2014-06-23,25677,85183,21114,66759
2014-06-24,27426,89998,22846,71399
2014-06-25,27360,91089,22768,72404
2014-06-26,27243,91744,22671,73192
2014-06-27,26018,87759,21578,69811
2014-06-28,25167,84685,20886,67565
2014-06-29,22952,79499,18609,61920
2014-06-30,23182,80451,18966,63358
2014-07-01,23540,81731,19252,64362
2014-07-02,23420,81843,19088,64251
2014-07-03,25347,87962,20812,69663
2014-07-04,27173,93862,22545,75226
2014-07-05,24611,84733,20218,67222
2014-07-06,21753,75338,17621,58795
2014-07-07,22742,78133,18544,61306
2014-07-08,23181,79155,18975,62304
2014-07-09,23138,79007,18932,62168
2014-07-10,23053,78859,18883,62203
2014-07-11,22737,77857,18672,61671
2014-07-12,22631,77571,18585,61506
2014-07-13,23447,79558,19216,62530
2014-07-14,24533,83135,20252,65763
2014-07-15,25072,84239,20750,66784
2014-07-16,25317,84581,20942,67000
2014-07-17,24794,83782,20403,66128
2014-07-18,24061,82257,19774,65038
2014-07-19,23322,80053,19099,63196
2014-07-20,22631,78228,18289,60594
2014-07-21,23353,80502,18922,62491
2014-07-22,23666,81009,19226,62979
2014-07-23,23745,81565,19279,63522
2014-07-24,24129,82773,19651,64673
2014-07-25,23614,80850,19195,63036
2014-07-26,23229,79112,18828,61449
2014-07-27,21059,73059,16656,55115
2014-07-28,21442,74240,17007,56149
2014-07-29,22594,76521,18138,58274
2014-07-30,23075,77458,18595,59133
2014-07-31,23607,78868,19126,60591
2014-08-01,22925,78568,18472,60509
2014-08-02,24588,83108,20130,65123
2014-08-03,25619,85956,21131,67769
2014-08-04,27324,90791,22822,72480
2014-08-05,27693,92382,23149,73857
2014-08-06,27116,91562,22573,73145
2014-08-07,27337,91920,22756,73443
2014-08-08,26971,91313,22397,72978
2014-08-09,26729,89941,22184,71802
2014-08-10,25515,85263,20997,67266
2014-08-11,25929,86056,21420,68022
2014-08-12,25697,85051,21238,67168
2014-08-13,25169,84217,20686,66235
2014-08-14,25167,84215,20685,66211
2014-08-15,25801,86393,21333,68533
2014-08-16,25438,84989,20907,66922
2014-08-17,24265,81063,19708,62753
2014-08-18,25162,83944,20611,65604
2014-08-19,25647,85438,21060,66892
2014-08-20,25888,86478,21297,67985
2014-08-21,25470,85008,20891,66668
2014-08-22,25358,84390,20772,66175
2014-08-23,24956,82072,20414,64447
2014-08-24,22241,73664,17968,56934
2014-08-25,22390,73517,18177,57148
2014-08-26,21194,69026,17099,53326
2014-08-27,20520,66307,16586,51332
2014-08-28,20416,66132,16374,50929
2014-08-29,23482,76379,19234,60320
2014-08-30,25524,82113,21200,65965
2014-08-31,25157,80629,21004,65451
2014-09-01,17183,52653,14218,42368
2014-09-02,16866,49692,14209,40749
2014-09-03,17666,51095,14951,42092
2014-09-04,19397,56284,16385,46272
2014-09-05,22545,66945,19091,55267
2014-09-06,23190,69530,19568,57302
2014-09-07,20494,59338,17163,48524
2014-09-08,21556,60965,18278,50396
2014-09-09,22159,61999,18895,51508
2014-09-10,22220,62729,18906,52028
2014-09-11,23164,66117,19614,54574
2014-09-12,24450,71857,20663,59241
2014-09-13,25441,75496,21478,62149
2014-09-14,24137,70274,20357,57658
2014-09-15,24398,70128,20702,57811
2014-09-16,24394,69926,20709,57640
2014-09-17,24967,72048,21123,59137
2014-09-18,26016,76245,21864,62149
2014-09-19,27602,82311,23158,66928
2014-09-20,27903,82897,23365,67070
2014-09-21,26101,75974,21799,61326
2014-09-22,25623,74313,21451,60179
2014-09-23,25452,75124,21268,60868
2014-09-24,26560,80412,22202,65227
2014-09-25,27629,84734,23148,68856
2014-09-26,28040,86734,23495,70540
2014-09-27,27762,85829,23254,69855
2014-09-28,24628,74169,20404,59877
2014-09-29,23877,69741,19911,56736
2014-09-30,23029,66474,19196,53910
2014-10-01,23679,69191,19709,55871
2014-10-02,25563,75734,21308,61015
2014-10-03,26852,82379,22355,66191
2014-10-04,27897,83630,23309,66956
2014-10-05,27902,80393,23363,63890
2014-10-06,27672,78959,23203,62931
2014-10-07,27294,77697,22924,62055
2014-10-08,27467,79629,22985,63433
2014-10-09,27189,84119,22656,67433
2014-10-10,27833,87752,23261,70838
2014-10-11,28041,88649,23441,71616
2014-10-12,27487,86881,22932,70035
2014-10-13,26673,82330,22216,66142
2014-10-14,26013,78097,21722,62755
2014-10-15,26867,80697,22470,64916
2014-10-16,27696,84290,23148,67759
2014-10-17,27749,86409,23149,69528
2014-10-18,27782,85588,23195,68947
2014-10-19,27307,82844,22817,66804
2014-10-20,25642,75080,21231,59713
2014-10-21,25886,74546,21466,59303
2014-10-22,26623,77583,22160,61992
2014-10-23,27716,82527,23167,66381
2014-10-24,27791,84984,23194,68512
2014-10-25,27770,84079,23223,67880
2014-10-26,26859,78281,22395,62670
2014-10-27,26183,75387,21770,60127
2014-10-28,25969,74910,21584,59831
2014-10-29,26415,79251,22009,63918
2014-10-30,27290,83949,22831,68007
2014-10-31,27555,86186,23033,69679
2014-11-01,27876,88133,23289,71160
2014-11-02,26526,82540,22059,66142
2014-11-03,25949,79840,21537,63836
2014-11-04,25099,75723,20797,60291
2014-11-05,25833,77597,21485,61777
2014-11-06,27172,81643,22678,65128
2014-11-07,27828,83995,23255,67151
2014-11-08,27879,83655,23290,66900
2014-11-09,27750,84676,23184,68030
2014-11-10,27596,84076,23114,67824
2014-11-11,26393,78667,22080,63186
2014-11-12,27110,80101,22740,64423
2014-11-13,27640,83082,23155,66900
2014-11-14,27902,86757,23304,70113
2014-11-15,27932,87419,23345,70884
2014-11-16,26824,82168,22365,66485
2014-11-17,26253,78883,21914,63965
2014-11-18,25337,75310,21116,60915
2014-11-19,25377,75907,21161,61398
2014-11-20,27224,84703,22802,69110
2014-11-21,27817,92152,23289,75428
2014-11-22,27971,95314,23357,77518
2014-11-23,25706,88218,21183,70255
2014-11-24,24853,86411,20413,68540
2014-11-25,24584,85497,20120,67453
2014-11-26,24723,85438,20186,67151
2014-11-27,25084,85839,20513,67490
2014-11-28,24680,82757,20177,64909
2014-11-29,23652,77131,19225,60186
2014-11-30,21201,66833,17000,51412
2014-12-01,21938,66572,17744,51506
2014-12-02,22575,67283,18381,52383
2014-12-03,24122,71928,19878,56858
2014-12-04,26187,79013,21817,63402
2014-12-05,27056,83002,22551,66852
2014-12-06,27194,83661,22682,67537
2014-12-07,26364,78994,22008,63709
2014-12-08,25776,75996,21487,61232
2014-12-09,25298,74137,21043,59606
2014-12-10,24788,72786,20559,58316
2014-12-11,24662,73160,20388,58327
2014-12-12,25880,79764,21521,64142
2014-12-13,25335,79515,20997,63884
2014-12-14,23472,72930,19356,58461
2014-12-15,23141,71300,19194,57681
2014-12-16,22751,70765,18953,57645
2014-12-17,22933,73230,19127,59823
2014-12-18,23564,77166,19619,62812
2014-12-19,24730,83293,20440,66872
2014-12-20,25194,86318,20775,68982
2014-12-21,24704,85830,20225,68137
2014-12-22,24818,86599,20340,68889
2014-12-23,24009,83402,19573,65931
2014-12-24,24338,83981,19965,66782
2014-12-25,25622,88326,21130,70606
2014-12-26,26987,92656,22515,74797
2014-12-27,27703,95025,23187,76885
2014-12-28,27928,95733,23351,77132
2014-12-29,28009,95777,23435,77131
2014-12-30,27996,95329,23440,76774
2014-12-31,28135,95633,23522,76822
2015-01-01,25899,87999,21336,69421
2015-01-02,22432,75764,17897,57764
2015-01-03,19997,66315,15550,49280
2015-01-04,19742,63342,15550,47756
2015-01-05,21501,66528,17525,51862
2015-01-06,22993,68318,18996,53869
2015-01-07,25639,74513,21295,58886
2015-01-08,26624,77557,22182,61565
2015-01-09,27756,80002,23254,63878
2015-01-10,27719,80078,23244,64109
2015-01-11,25674,73644,21299,58212
2015-01-12,22129,63225,18259,50021
2015-01-13,21477,60245,17819,47914
2015-01-14,22033,63086,18263,50185
2015-01-15,24637,73994,20535,59611
2015-01-16,27167,84642,22692,68593
2015-01-17,27818,88191,23277,71589
2015-01-18,27635,85075,23117,68561
2015-01-19,24478,72349,20396,58000
2015-01-20,23281,66603,19416,53388
2015-01-21,22374,66183,18411,52752
2015-01-22,24223,72610,20058,58371
2015-01-23,25699,79222,21299,63925
2015-01-24,26892,82117,22418,66585
2015-01-25,25032,73959,20761,59496
2015-01-26,24823,70985,20665,57123
2015-01-27,24336,68970,20251,55391
2015-01-28,23169,67493,19128,54069
2015-01-29,25597,76559,21421,62588
2015-01-30,27112,82946,22763,68027
2015-01-31,27257,84023,22958,69256
2015-02-01,25426,77098,21485,64012
2015-02-02,23025,68683,19245,56259
2015-02-03,22442,64731,18680,52533
2015-02-04,24653,70859,20696,57876
2015-02-05,27222,81198,23007,67205
2015-02-06,27764,85593,23276,70315
2015-02-07,27694,85902,23222,70641
2015-02-08,26660,80040,22674,66797
2015-02-09,23699,68511,20041,56564
2015-02-10,22676,64567,19103,52874
2015-02-11,23681,69689,19982,57186
2015-02-12,25169,76415,21207,62420
2015-02-13,26964,85975,22612,69920
2015-02-14,28067,91067,23522,73667
2015-02-15,27908,90294,23415,72781
2015-02-16,27324,87057,22910,69989
2015-02-17,25425,82728,21096,66084
2015-02-18,26726,83966,22332,67216
2015-02-19,27916,86256,23426,69201
2015-02-20,27852,85570,23344,68634
2015-02-21,27717,83565,23227,67209
2015-02-22,27153,79696,22784,64369
2015-02-23,25492,73843,21496,60244
2015-02-24,24648,70717,20822,57893
2015-02-25,25540,73584,21587,60338
2015-02-26,26312,78370,22148,64207
2015-02-27,27074,82852,22827,68142
2015-02-28,27026,82822,22859,68503
2015-03-01,25070,75594,21187,62625
2015-03-02,23964,71032,20199,58603
2015-03-03,23717,69219,20021,57161
2015-03-04,24462,71647,20636,59167
2015-03-05,25187,74305,21269,61450
2015-03-06,24566,74758,20616,61404
2015-03-07,25812,80263,21586,65483
2015-03-08,24616,76982,20441,62256
2015-03-09,25773,79681,21523,64648
2015-03-10,25534,78791,21286,63744
2015-03-11,25797,80310,21502,65023
2015-03-12,26857,84229,22505,68627
2015-03-13,26985,85577,22610,69702
2015-03-14,27897,88674,23416,72158
2015-03-15,27837,88494,23373,71913
2015-03-16,27924,88514,23436,71861
2015-03-17,27851,87713,23377,71259
2015-03-18,27816,88341,23329,71884
2015-03-19,27685,89123,23215,72705
2015-03-20,27557,88544,23124,72397
2015-03-21,27701,88315,23291,72303
2015-03-22,27295,85879,22952,70227
2015-03-23,27704,86894,23340,71119
2015-03-24,27638,86567,23310,70930
2015-03-25,27173,86179,22860,70504
2015-03-26,27864,89471,23238,72603
2015-03-27,27261,89531,22667,72394
2015-03-28,27845,92930,23242,75197
2015-03-29,26018,88143,21669,71018
2015-03-30,27452,92876,23022,75279
2015-03-31,27563,93623,23081,75653
2015-04-01,26520,92830,21870,74000
2015-04-02,26254,92472,21553,73236
2015-04-03,26203,92309,21525,73066
2015-04-04,26167,92456,21508,73194
2015-04-05,25909,91999,21244,72695
2015-04-06,28066,99053,23280,79301
2015-04-07,28246,99039,23436,79279
2015-04-08,28291,97791,23474,78183
2015-04-09,27936,95381,23174,76246
2015-04-10,25641,85601,21281,68711
2015-04-11,23104,74304,19393,60767
2015-04-12,21277,65599,17632,53047
2015-04-13,21725,65345,18117,53216
2015-04-14,21933,65292,18273,53131
2015-04-15,23033,69557,19319,57069
2015-04-16,25469,77989,21506,64460
2015-04-17,26755,83521,22525,68735
2015-04-18,27703,85378,23235,69581
2015-04-19,25649,76826,21371,61881
2015-04-20,25392,75205,21130,60377
2015-04-21,24698,73454,20486,58758
2015-04-22,25247,75892,20980,60936
2015-04-23,27256,83292,22832,67756
2015-04-24,27601,86528,23094,70620
2015-04-25,27798,86920,23198,71029
2015-04-26,26165,79994,22002,65958
2015-04-27,25431,76295,21473,63154
2015-04-28,22183,65211,18383,52692
2015-04-29,22746,67101,18809,54127
2015-04-30,26602,81136,22326,66855
2015-05-01,27548,86377,23048,70750
2015-05-02,27876,87771,23255,71651
2015-05-03,27221,83272,22759,68065
2015-05-04,25101,74563,20708,59955
2015-05-05,24689,71685,20331,57225
2015-05-06,25138,73316,20752,58713
2015-05-07,26162,77168,21650,61858
2015-05-08,26917,82125,22371,66206
2015-05-09,26824,82564,22296,66531
2015-05-10,23792,71330,19447,56287
2015-05-11,24482,70469,20162,55718
2015-05-12,24821,70192,20509,55403
2015-05-13,25998,73126,21587,57917
2015-05-14,25826,76265,21313,60473
2015-05-15,27457,83548,22896,67344
2015-05-16,27781,85259,23124,68648
2015-05-17,24964,75622,20589,60202
2015-05-18,24701,73279,20429,58441
2015-05-19,23974,71042,19858,56832
2015-05-20,23961,72441,19792,57801
2015-05-21,25949,80359,21512,64389
2015-05-22,27880,89551,23273,72204
2015-05-23,28132,92838,23408,74656
2015-05-24,27862,93662,23188,75458
2015-05-25,24747,82530,20417,65865
2015-05-26,24532,81455,20250,65041
2015-05-27,24977,82203,20706,65923
2015-05-28,25348,83372,20950,66541
2015-05-29,25768,85820,21242,68455
2015-05-30,25320,84389,20771,66843
2015-05-31,21585,72311,17289,55684
2015-06-01,22140,73165,17809,56473
2015-06-02,22323,72500,18038,55954
2015-06-03,22758,73858,18391,56953
2015-06-04,23052,76704,18506,59030
2015-06-05,23619,79405,19104,61794
2015-06-06,24334,82084,19756,64084
2015-06-07,24486,83328,19885,64969
2015-06-08,25992,88690,21388,70131
2015-06-09,26912,90875,22307,72323
2015-06-10,27063,91546,22398,72804
2015-06-11,26999,91047,22356,72431
2015-06-12,25522,87121,20889,68675
2015-06-13,24751,84202,20192,66147
2015-06-14,24236,82072,19744,64067
2015-06-15,24141,81515,19722,63779
2015-06-16,25428,84793,20953,66832
2015-06-17,25457,85500,20936,67449
2015-06-18,25482,85820,20935,67664
2015-06-19,23980,81944,19563,64341
2015-06-20,23071,78893,18683,61545
2015-06-21,22822,78516,18438,60956
2015-06-22,24324,83290,19831,65273
2015-06-23,25061,85269,20483,66932
2015-06-24,25668,86478,21106,68084
2015-06-25,26185,87407,21416,68392
2015-06-26,25651,85881,20883,66840
2015-06-27,24590,82120,20106,64362
2015-06-28,23159,79690,18723,61731
2015-06-29,23270,80630,18923,62939
2015-06-30,22865,79501,18571,62022
2015-07-01,22699,79196,18404,61734
2015-07-02,23950,82936,19557,65183
2015-07-03,25534,87755,21011,69599
2015-07-04,25959,89184,21346,70785
2015-07-05,20630,72153,16387,55246
2015-07-06,21238,74064,17117,57556
2015-07-07,21981,76210,17861,59742
2015-07-08,22739,78432,18608,61937
2015-07-09,23339,80398,19197,63934
2015-07-10,23723,81453,19575,65052
2015-07-11,24569,84408,20324,67535
2015-07-12,23838,82979,19600,65965
2015-07-13,25244,87707,20829,69924
2015-07-14,26136,90202,21647,72197
2015-07-15,26264,90513,21766,72449
2015-07-16,26145,90016,21663,72048
2015-07-17,26068,89849,21582,71930
2015-07-18,25637,88079,21117,70198
2015-07-19,24086,83390,19655,65743
2015-07-20,24659,85196,20168,67245
2015-07-21,25229,86643,20695,68561
2015-07-22,25213,86485,20647,68251
2015-07-23,25556,87320,20950,68862
2015-07-24,24997,85885,20377,67344
2015-07-25,24075,82736,19430,64168
2015-07-26,22888,78602,18269,59981
2015-07-27,23556,79922,18877,61012
2015-07-28,24690,82050,19978,62956
2015-07-29,24664,82014,19966,63043
2015-07-30,24503,81417,19800,62501
2015-07-31,23884,79916,19283,61392
2015-08-01,22590,77877,17974,59367
2015-08-02,21672,75633,17022,56867
2015-08-03,22886,79265,18215,60419
2015-08-04,23489,80922,18812,62104
2015-08-05,23859,81950,19170,63073
2015-08-06,23815,81483,19079,62418
2015-08-07,22943,79178,18210,60291
2015-08-08,22443,77057,17710,58304
2015-08-09,20920,72206,16361,54018
2015-08-10,21577,73606,17011,55401
2015-08-11,21596,73433,17029,55220
2015-08-12,21161,72599,16669,54650
2015-08-13,21463,73756,16988,55827
2015-08-14,22767,78173,18250,60124
2015-08-15,24915,84936,20354,66801
2015-08-16,25265,86179,20674,67786
2015-08-17,26498,89832,21864,71337
2015-08-18,27016,91332,22327,72618
2015-08-19,27066,91442,22352,72654
2015-08-20,27320,91947,22574,73047
2015-08-21,27356,91644,22656,73114
2015-08-22,26880,89511,22202,71153
2015-08-23,24479,81359,19904,63575
2015-08-24,24498,81404,20125,64167
2015-08-25,24388,80795,20079,63942
2015-08-26,23707,78288,19490,61859
2015-08-27,22938,75561,18799,59462
2015-08-28,24037,78121,19756,62088
2015-08-29,23790,76180,19662,61117
2015-08-30,20635,66669,17078,53668
2015-08-31,18926,61210,15782,49746
2015-09-01,18610,59397,15561,48526
2015-09-02,19155,60783,16114,49981
2015-09-03,20859,66218,17448,54188
2015-09-04,25863,82394,21718,67129
2015-09-05,27926,89304,23195,71920
2015-09-06,27843,88388,23060,71084
2015-09-07,21824,66097,18208,54071
2015-09-08,22044,64305,18581,53152
2015-09-09,23124,66823,19484,55186
2015-09-10,24966,72944,20950,59987
2015-09-11,27232,82330,22766,67394
2015-09-12,27844,84762,23133,68720
2015-09-13,26714,80091,22153,64822
2015-09-14,26562,78098,22112,63410
2015-09-15,26259,76146,21969,62125
2015-09-16,26437,76334,22118,62257
2015-09-17,27072,79466,22546,64476
2015-09-18,27787,84120,23041,67839
2015-09-19,28031,86174,23207,69278
2015-09-20,27328,82292,22621,66059
2015-09-21,27437,81517,22801,65688
2015-09-22,27437,82212,22777,66204
2015-09-23,27458,82951,22766,66767
2015-09-24,27472,84484,22686,67842
2015-09-25,28153,86996,23306,69999
2015-09-26,28191,86612,23360,69701
2015-09-27,27050,80533,22457,64960
2015-09-28,26643,77738,22212,63107
2015-09-29,26121,75646,21800,61445
2015-09-30,26511,77319,22160,62893
2015-10-01,27337,81089,22733,65391
2015-10-02,27854,85161,23126,68458
2015-10-03,28098,84237,23345,67173
2015-10-04,28048,80584,23273,63677
2015-10-05,27513,78838,22824,62358
2015-10-06,27562,78432,22935,62187
2015-10-07,27619,79582,22929,62819
2015-10-08,27237,83123,22468,65790
2015-10-09,28002,87634,23190,69781
2015-10-10,28350,88906,23494,70673
2015-10-11,28196,88515,23345,70471
2015-10-12,27841,86078,23123,68876
2015-10-13,27265,83718,22666,67016
2015-10-14,27790,85602,23050,68389
2015-10-15,28175,87547,23329,69802
2015-10-16,28348,88719,23485,70798
2015-10-17,28387,88173,23516,70452
2015-10-18,28021,85456,23200,68345
2015-10-19,27516,81197,22796,64888
2015-10-20,27298,79496,22616,63535
2015-10-21,27416,80825,22721,64562
2015-10-22,27929,84357,23240,67720
2015-10-23,28212,87048,23464,69878
2015-10-24,28140,86308,23437,69508
2015-10-25,28045,86118,23280,69321
2015-10-26,26679,80609,22099,64782
2015-10-27,26615,79683,22091,64195
2015-10-28,27515,82840,22911,66754
2015-10-29,28028,86363,23279,69365
2015-10-30,28187,89060,23343,71281
2015-10-31,28297,89913,23444,71892
2015-11-01,27708,84502,22958,67128
2015-11-02,27207,80954,22563,64215
2015-11-03,26518,78146,21970,61855
2015-11-04,26643,79752,21969,62832
2015-11-05,27497,82329,22722,64911
2015-11-06,28289,84294,23426,66478
2015-11-07,28343,84074,23454,66268
2015-11-08,27961,83717,23165,66567
2015-11-09,27738,81340,23022,64808
2015-11-10,28050,82998,23276,66368
2015-11-11,27941,83864,23186,67259
2015-11-12,28042,85833,23215,68877
2015-11-13,28326,88391,23450,70904
2015-11-14,28362,88746,23479,71062
2015-11-15,27929,85531,23156,68550
2015-11-16,27384,82132,22735,65976
2015-11-17,27058,80480,22506,64787
2015-11-18,26595,80744,22076,65015
2015-11-19,27752,88484,23076,71649
2015-11-20,28106,93627,23329,75731
2015-11-21,28269,96499,23422,77702
2015-11-22,27157,92785,22367,73759
2015-11-23,26728,92345,21974,73222
2015-11-24,26541,92082,21739,72641
2015-11-25,26657,91904,21866,72532
2015-11-26,27382,93283,22569,73944
2015-11-27,27466,91756,22685,72784
2015-11-28,26478,85943,21722,67913
2015-11-29,23712,74356,19234,58101
2015-11-30,23647,71528,19334,56351
2015-12-01,24711,73328,20289,58012
2015-12-02,25827,76675,21280,60912
2015-12-03,27525,82993,22867,66582
2015-12-04,27691,85819,22931,68824
2015-12-05,28085,86825,23292,69805
2015-12-06,27665,84027,22960,67621
2015-12-07,27452,81886,22820,65923
2015-12-08,27452,81260,22864,65552
2015-12-09,27306,81166,22697,65430
2015-12-10,27360,82162,22701,66068
2015-12-11,27968,85534,23251,68729
2015-12-12,27656,83777,22921,66973
2015-12-13,24452,70810,19943,55059
2015-12-14,22518,64242,18172,49319
2015-12-15,24344,71660,20050,56954
2015-12-16,23974,73836,19684,58853
2015-12-17,24764,79702,20421,63869
2015-12-18,26326,87930,21782,70570
2015-12-19,27694,94625,22996,76188
2015-12-20,26994,93792,22346,75269
2015-12-21,26625,93331,21904,74479
2015-12-22,25112,88267,20422,69580
2015-12-23,23660,82541,19078,64442
2015-12-24,24376,84334,19858,66574
2015-12-25,26027,90015,21418,71794
2015-12-26,26786,92609,22148,74087
2015-12-27,27673,96119,22856,76646
2015-12-28,28243,98140,23371,78334
2015-12-29,28218,97946,23348,78114
2015-12-30,28098,96914,23228,77163
2015-12-31,28051,96264,23192,76595
2016-01-01,25445,86493,20815,67944
2016-01-02,22994,76595,18527,59311
2016-01-03,23699,76367,19334,59859
2016-01-04,23760,73668,19592,58209
2016-01-05,24326,73077,20194,57944
2016-01-06,25781,75854,21391,59896
2016-01-07,26939,78167,22407,61783
2016-01-08,27616,79647,22978,62997
2016-01-09,27388,78154,22780,61806
2016-01-10,25321,71769,20877,56320
2016-01-11,22446,63188,18407,49533
2016-01-12,21414,59891,17556,47000
2016-01-13,21919,62468,17949,49032
2016-01-14,24268,72483,20030,57830
2016-01-15,26484,81972,21954,65683
2016-01-16,27150,85283,22457,68123
2016-01-17,27297,83166,22646,66188
2016-01-18,24298,69986,19983,54999
2016-01-19,22741,63468,18647,49665
2016-01-20,22067,63934,17925,50105
2016-01-21,24202,71730,19912,57165
2016-01-22,25733,78177,21318,62827
2016-01-23,26711,80811,22148,65031
2016-01-24,26009,75316,21599,60375
2016-01-25,24968,70382,20620,56009
2016-01-26,24409,67473,20176,53599
2016-01-27,23739,67808,19477,53815
2016-01-28,26195,76600,21797,61937
2016-01-29,26684,81143,22174,65806
2016-01-30,27063,83156,22477,67439
2016-01-31,25583,77614,21375,63684
2016-02-01,23987,71705,20004,58728
2016-02-02,23072,66801,19126,54021
2016-02-03,23903,69037,19823,55686
2016-02-04,26750,79565,22470,65149
2016-02-05,27202,84644,22651,68775
2016-02-06,26927,86541,22356,70224
2016-02-07,26028,82396,21690,67099
2016-02-08,24827,75093,20550,60166
2016-02-09,23721,70563,19544,55939
2016-02-10,23908,73717,19705,58721
2016-02-11,25950,81505,21525,65156
2016-02-12,26449,86301,21915,69206
2016-02-13,27243,88761,22623,71274
2016-02-14,27469,88445,22864,70786
2016-02-15,25794,80819,21336,63856
2016-02-16,24045,74376,19800,58475
2016-02-17,24879,76076,20527,59854
2016-02-18,26700,81531,22224,64826
2016-02-19,26694,81140,22225,64654
2016-02-20,26728,79846,22285,63868
2016-02-21,25588,75054,21317,60192
2016-02-22,24539,71102,20530,57549
2016-02-23,24459,70103,20637,57280
2016-02-24,25011,73228,21046,59876
2016-02-25,26398,78647,22057,63825
2016-02-26,26458,80649,22088,65575
2016-02-27,26485,80419,22137,65573
2016-02-28,24814,73789,20667,60104
2016-02-29,23943,69932,19962,57098
2016-03-01,23900,68755,19978,56271
2016-03-02,24798,70946,20746,58006
2016-03-03,26004,75751,21703,61572
2016-03-04,26003,77176,21717,62807
2016-03-05,25810,77175,21469,62357
2016-03-06,23841,70250,19648,56303
2016-03-07,23372,67978,19282,54466
2016-03-08,22769,66131,18654,52536
2016-03-09,23663,68539,19496,54684
2016-03-10,25125,74983,20868,60809
2016-03-11,25215,79499,20874,64424
2016-03-12,26749,86252,22098,69583
2016-03-13,26909,86890,22211,69866
2016-03-14,27327,87568,22584,70339
2016-03-15,27352,87300,22613,69986
2016-03-16,27249,88199,22533,70950
2016-03-17,27378,88670,22666,71217
2016-03-18,27084,87551,22409,70110
2016-03-19,27480,89415,22748,71681
2016-03-20,26806,88541,22127,70655
2016-03-21,27654,91699,22861,73165
2016-03-22,27666,92546,22896,73973
2016-03-23,27694,94301,22891,75325
2016-03-24,27592,95622,22832,76567
2016-03-25,27505,95844,22777,76726
2016-03-26,26808,93981,22133,74981
2016-03-27,25649,90697,21004,71803
2016-03-28,26961,94593,22237,75482
2016-03-29,27578,95278,22828,76161
2016-03-30,27732,93581,22979,74647
2016-03-31,27299,91116,22650,72787
2016-04-01,25768,86225,21330,69139
2016-04-02,24932,82065,20764,66585
2016-04-03,26164,84968,21753,68514
2016-04-04,27499,87754,22917,70674
2016-04-05,27602,87985,22973,70641
2016-04-06,27658,88833,23013,71452
2016-04-07,27341,88748,22735,71526
2016-04-08,27047,86633,22520,70039
2016-04-09,27411,83991,22945,68020
2016-04-10,25245,74665,21064,60162
2016-04-11,25125,73577,21078,59741
2016-04-12,24267,71885,20334,58432
2016-04-13,24548,74104,20520,60076
2016-04-14,26713,81519,22369,66131
2016-04-15,27325,83781,22801,67463
2016-04-16,27589,84309,23026,67676
2016-04-17,26944,81101,22514,65095
2016-04-18,25870,77992,21627,62787
2016-04-19,25585,77065,21352,61841
2016-04-20,25933,79993,21604,64432
2016-04-21,27046,85050,22620,68966
2016-04-22,27276,87405,22811,71018
2016-04-23,27546,88304,23016,71692
2016-04-24,26744,85193,22379,69205
2016-04-25,26578,83202,22219,67420
2016-04-26,24176,73924,19844,58362
2016-04-27,24943,75338,20601,59778
2016-04-28,26696,82357,22270,66425
2016-04-29,26684,85263,22281,69311
2016-04-30,26816,84506,22521,69309
2016-05-01,26108,79369,21866,64834
2016-05-02,24507,71262,20374,57483
2016-05-03,24393,68624,20331,55309
2016-05-04,25251,71808,21098,58198
2016-05-05,25907,75786,21586,61415
2016-05-06,26547,79814,22198,64931
2016-05-07,26765,80545,22297,65042
2016-05-08,24700,72708,20515,58468
2016-05-09,24367,70784,20263,57163
2016-05-10,24738,70491,20686,57148
2016-05-11,25759,73087,21571,59228
2016-05-12,26270,75209,21974,60850
2016-05-13,26290,78308,21877,63115
2016-05-14,26135,78806,21725,63324
2016-05-15,24725,71889,20544,57677
2016-05-16,24749,71198,20646,57322
2016-05-17,24116,69877,20072,56210
2016-05-18,24551,71985,20455,58002
2016-05-19,25347,75579,21140,61039
2016-05-20,26634,81384,22234,65829
2016-05-21,27182,85076,22660,68702
2016-05-22,26153,82120,21686,65899
2016-05-23,26776,83423,22314,67161
2016-05-24,26369,82989,21982,66953
2016-05-25,26177,84277,21774,67969
2016-05-26,26613,87372,22101,70281
2016-05-27,27355,91475,22792,73745
2016-05-28,27663,93150,23021,74760
2016-05-29,27037,92143,22395,73671
2016-05-30,24259,82685,19876,65444
2016-05-31,24321,81606,20047,64897
2016-06-01,25940,85254,21578,68227
2016-06-02,26449,87133,22010,69831
2016-06-03,26597,88499,22093,70888
2016-06-04,27171,90265,22607,72288
2016-06-05,26239,88430,21713,70559
2016-06-06,27084,91414,22487,73134
2016-06-07,27048,91352,22461,73028
2016-06-08,27321,92327,22710,73904
2016-06-09,27182,91875,22605,73585
2016-06-10,26422,89262,21886,71400
2016-06-11,25076,84715,20719,67682
2016-06-12,25229,85743,20843,68355
2016-06-13,26066,88061,21668,70641
2016-06-14,26383,88382,21985,70908
2016-06-15,26605,88844,22145,71200
2016-06-16,26323,88159,21837,70398
2016-06-17,25301,85085,20905,67876
2016-06-18,24431,82433,20011,65175
2016-06-19,24464,83216,20058,65759
2016-06-20,25928,88100,21431,70181
2016-06-21,26259,89160,21724,71139
2016-06-22,26600,90211,22004,71862
2016-06-23,27117,91489,22474,72630
2016-06-24,26697,89502,22076,70988
2016-06-25,26553,88198,22051,70147
2016-06-26,25966,86495,21396,68150
2016-06-27,26648,89191,22098,70942
2016-06-28,26408,88518,21885,70340
2016-06-29,25613,87485,21108,69238
2016-06-30,24765,84555,20378,66874
2016-07-01,24768,84363,20259,66378
2016-07-02,25752,87859,21199,69882
2016-07-03,26059,89762,21404,71195
2016-07-04,24223,84469,19766,66522
2016-07-05,22933,80067,18754,63165
2016-07-06,23491,81910,19251,64820
2016-07-07,24052,82983,19891,66356
2016-07-08,24222,82879,20194,67010
2016-07-09,24430,83221,20232,66808
2016-07-10,23651,81231,19358,64089
2016-07-11,24869,85184,20521,67921
2016-07-12,25581,87300,21215,69897
2016-07-13,25993,88243,21508,70395
2016-07-14,25974,88036,21531,70432
2016-07-15,25590,87169,21205,69963
2016-07-16,25380,85832,21147,69312
2016-07-17,24833,84023,20568,67236
2016-07-18,25364,86166,21061,69032
2016-07-19,25916,87349,21577,70176
2016-07-20,25927,87834,21532,70451
2016-07-21,25602,87062,21236,69724
2016-07-22,25270,85873,20864,68516
2016-07-23,24912,84922,20414,67217
2016-07-24,23575,81336,19124,63542
2016-07-25,23946,82499,19461,64546
2016-07-26,25592,85558,21082,67475
2016-07-27,25651,85556,21090,67274
2016-07-28,25685,85241,21117,67068
2016-07-29,25541,84617,20967,66532
2016-07-30,23561,79636,19170,62309
2016-07-31,21077,72410,16869,55625
2016-08-01,22841,77920,18516,60576
2016-08-02,24929,82622,20508,64845
2016-08-03,25823,84807,21361,66834
2016-08-04,25806,84950,21296,66886
2016-08-05,23239,79940,18754,62097
2016-08-06,23461,79978,18862,61864
2016-08-07,22062,74676,17580,57085
2016-08-08,22792,76185,18307,58441
2016-08-09,23126,76737,18647,59038
2016-08-10,23428,77832,18918,60109
2016-08-11,24041,79419,19516,61648
2016-08-12,24352,81091,19758,62995
2016-08-13,24657,81601,20123,63817
2016-08-14,23416,77562,18930,59964
2016-08-15,24616,80032,20109,62301
2016-08-16,25387,82020,20708,63544
2016-08-17,25521,83118,20789,64406
2016-08-18,25925,84366,21211,65717
2016-08-19,26727,87309,21991,68693
2016-08-20,27127,88487,22374,69982
2016-08-21,25181,82774,20550,64586
2016-08-22,25433,83605,20758,65325
2016-08-23,26398,86836,21783,68797
2016-08-24,26544,87389,21926,69432
2016-08-25,26251,86488,21660,68822
2016-08-26,26108,86665,21632,69530
2016-08-27,25776,85066,21266,68203
2016-08-28,23110,76134,18962,60819
2016-08-29,22159,72065,18243,57738
2016-08-30,20876,66779,17186,53457
2016-08-31,20611,65526,17112,52938
2016-09-01,22108,70734,18344,57118
2016-09-02,26446,85075,21874,68291
2016-09-03,27712,89110,22892,71034
2016-09-04,27518,87624,22701,69876
2016-09-05,21906,66749,18131,53991
2016-09-06,22121,64825,18408,52677
2016-09-07,23002,66098,19300,54195
2016-09-08,24751,71335,20747,58318
2016-09-09,26500,78142,22158,63713
2016-09-10,26745,79650,22235,64478
2016-09-11,24850,72015,20607,58169
2016-09-12,25039,71585,20809,57845
2016-09-13,25574,72782,21285,58838
2016-09-14,25866,73586,21521,59523
2016-09-15,26529,76265,22046,61543
2016-09-16,27458,80515,22729,64404
2016-09-17,27793,82167,23007,65708
2016-09-18,26693,77587,22066,62072
2016-09-19,26098,75859,21578,60929
2016-09-20,25885,75416,21406,60712
2016-09-21,25792,76008,21260,61036
2016-09-22,26495,78864,21822,63019
2016-09-23,27363,82226,22583,65733
2016-09-24,27563,83195,22738,66469
2016-09-25,26077,76610,21376,60572
2016-09-26,26519,74730,21859,59018
2016-09-27,26234,73670,21620,58107
2016-09-28,26515,75015,21866,59304
2016-09-29,26960,78963,22217,62547
2016-09-30,27388,84483,22542,67334
2016-10-01,28090,87979,23172,70341
2016-10-02,27695,86739,22829,69368
2016-10-03,27016,83187,22249,66451
2016-10-04,26274,79566,21684,63778
2016-10-05,25076,76319,20727,61089
2016-10-06,22693,68429,18575,53661
2016-10-07,23093,70233,18843,54790
2016-10-08,24574,76614,20231,60417
2016-10-09,24846,78920,20559,62795
2016-10-10,25616,80607,21190,64281
2016-10-11,26356,81867,21850,65438
2016-10-12,26903,83071,22306,66348
2016-10-13,27445,85473,22787,68339
2016-10-14,27767,87408,23015,69844
2016-10-15,28067,84700,23245,67204
2016-10-16,27755,78482,22977,61499
2016-10-17,27541,75884,22825,59468
2016-10-18,27340,76209,22636,59852
2016-10-19,27343,78359,22627,61714
2016-10-20,27124,82893,22394,65977
2016-10-21,27883,86337,23113,69140
2016-10-22,27972,85673,23190,68605
2016-10-23,27142,79905,22433,63464
2016-10-24,26250,76167,21572,60072
2016-10-25,25960,74817,21319,58998
2016-10-26,25262,75332,20580,59191
2016-10-27,26976,81448,22203,64880
2016-10-28,27788,84917,22956,67867
2016-10-29,27687,84396,22860,67442
2016-10-30,25303,76929,20720,60960
2016-10-31,24142,72755,19669,57419
2016-11-01,23942,69634,19500,54707
2016-11-02,25222,71482,20755,56540
2016-11-03,26945,76623,22264,60559
2016-11-04,27780,80776,22932,63713
2016-11-05,28078,83473,23173,65923
2016-11-06,27680,83276,22835,65764
2016-11-07,27339,82594,22640,65571
2016-11-08,26850,81084,22220,64227
2016-11-09,27249,83063,22518,65600
2016-11-10,27835,86430,22989,68495
2016-11-11,27976,86445,23098,68380
2016-11-12,28038,84107,23187,66535
2016-11-13,25913,75864,21139,59240
2016-11-14,25319,72887,20614,56750
2016-11-15,25918,75184,21258,59288
2016-11-16,25211,75240,20576,59261
2016-11-17,26712,82672,21959,65920
2016-11-18,27704,91049,22914,73592
2016-11-19,28119,95458,23238,76848
2016-11-20,27467,93707,22631,74897
2016-11-21,27137,93786,22378,75016
2016-11-22,26771,92728,21974,73656
2016-11-23,27132,93642,22316,74500
2016-11-24,27525,94258,22702,75129
2016-11-25,27416,92709,22576,73715
2016-11-26,27037,89200,22264,71191
2016-11-27,25283,80911,20704,64398
2016-11-28,25547,80013,21019,64030
2016-11-29,25546,78910,21018,63187
2016-11-30,26273,80748,21746,65077
2016-12-01,27380,84778,22728,68350
2016-12-02,27599,86496,22847,69415
2016-12-03,27845,86917,23057,69758
2016-12-04,26984,82710,22313,66361
2016-12-05,26714,80495,22059,64383
2016-12-06,26461,79106,21823,63160
2016-12-07,26901,80760,22264,64798
2016-12-08,27170,81949,22477,65617
2016-12-09,27592,84320,22830,67572
2016-12-10,27895,86352,23139,69599
2016-12-11,25584,78215,21033,62511
2016-12-12,24557,74102,20122,59112
2016-12-13,24019,72239,19633,57557
2016-12-14,23815,72396,19495,57922
2016-12-15,24422,75899,20047,60731
2016-12-16,26173,84535,21579,67762
2016-12-17,27286,90625,22583,72775
2016-12-18,26260,89021,21585,71015
2016-12-19,25934,88376,21293,70476
2016-12-20,25249,86461,20636,68631
2016-12-21,24578,84566,19981,66734
2016-12-22,22480,77616,17918,59915
2016-12-23,21172,72862,16727,55762
2016-12-24,22151,76216,17847,59511
2016-12-25,23911,82768,19323,64884
2016-12-26,26205,90852,21417,71894
2016-12-27,27399,95248,22534,75749
2016-12-28,27806,96420,22918,76789
2016-12-29,27976,96555,23044,76743
2016-12-30,27919,95436,23009,75853
2016-12-31,28011,95244,23062,75488
2017-01-01,25064,85134,20288,66305
2017-01-02,25422,84877,20733,66658
2017-01-03,26705,86070,21968,67942
2017-01-04,27711,87244,22854,68832
2017-01-05,27668,85611,22809,67466
2017-01-06,27529,83750,22701,65967
2017-01-07,27347,81448,22560,64091
2017-01-08,25387,74255,20780,58002
2017-01-09,23131,66497,18763,51516
2017-01-10,22443,63877,18183,49427
2017-01-11,22647,65477,18298,50510
2017-01-12,24981,74711,20452,58760
2017-01-13,26994,83340,22232,66301
2017-01-14,27361,86061,22533,68559
2017-01-15,26303,83311,21546,66022
2017-01-16,21017,64517,16695,49574
2017-01-17,19851,58889,15742,45032
2017-01-18,20689,60680,16527,46809
2017-01-19,22578,67237,18190,52345
2017-01-20,23867,73480,19263,57554
2017-01-21,25448,77550,20793,61311
2017-01-22,24174,71386,19699,56297
2017-01-23,23741,68025,19319,53367
2017-01-24,24141,67595,19754,53217
2017-01-25,24131,68737,19706,54138
2017-01-26,25658,73951,21111,58784
2017-01-27,26199,77520,21496,61447
2017-01-28,25672,76431,20956,60336
2017-01-29,24973,70152,20549,55670
2017-01-30,23030,64048,18871,50692
2017-01-31,22450,61666,18556,49272
2017-02-01,22409,64614,18531,52099
2017-02-02,25169,74959,20992,61246
2017-02-03,26572,81109,22034,65740
2017-02-04,27151,82760,22508,67004
2017-02-05,26300,78073,21933,63617
2017-02-06,24079,70491,19803,56540
2017-02-07,23226,65465,18968,51792
2017-02-08,23524,67356,19144,53228
2017-02-09,26972,77892,22364,62696
2017-02-10,27207,84321,22488,68429
2017-02-11,27207,85334,22457,69251
2017-02-12,26088,80001,21640,65439
2017-02-13,23554,69363,19303,55802
2017-02-14,22604,65030,18386,51643
2017-02-15,24008,70767,19735,56623
2017-02-16,25870,79427,21291,63377
2017-02-17,26723,85873,21976,68439
2017-02-18,27560,90200,22686,71699
2017-02-19,27520,90421,22647,71494
2017-02-20,26580,84628,21894,66637
2017-02-21,26150,81770,21586,64517
2017-02-22,26154,81062,21535,63657
2017-02-23,27323,84521,22507,66333
2017-02-24,27431,84552,22580,66242
2017-02-25,27539,84845,22713,67006
2017-02-26,27170,84419,22370,66898
2017-02-27,26517,82613,21913,66190
2017-02-28,26088,80914,21570,65070
2017-03-01,27048,82498,22435,66381
2017-03-02,27263,83810,22575,67224
2017-03-03,27393,85298,22539,67559
2017-03-04,27434,84299,22590,67096
2017-03-05,26498,79842,21776,63831
2017-03-06,26694,77922,21934,61957
2017-03-07,26874,77119,22160,61391
2017-03-08,26734,77580,21998,61730
2017-03-09,26847,80543,22096,64418
2017-03-10,26388,83195,21697,66758
2017-03-11,27172,87561,22340,69976
2017-03-12,27170,86776,22312,68811
2017-03-13,27337,87039,22467,68868
2017-03-14,27430,88823,22553,70645
2017-03-15,27310,88618,22448,70521
2017-03-16,27095,88362,22302,70534
2017-03-17,26866,87383,22121,69885
2017-03-18,26946,86110,22213,68974
2017-03-19,25534,80796,20912,64419
2017-03-20,25880,81027,21284,64799
2017-03-21,26023,80557,21465,64464
2017-03-22,26055,81232,21492,65172
2017-03-23,26534,83745,21940,67441
2017-03-24,26666,84774,22036,68131
2017-03-25,27025,86467,22323,69386
2017-03-26,25819,81785,21206,65112
2017-03-27,26547,83343,21908,66593
2017-03-28,26513,83233,21902,66581
2017-03-29,26204,83696,21549,66879
2017-03-30,26157,84101,21494,67338
2017-03-31,25715,82858,21122,66295
2017-04-01,26583,85083,21925,68173
2017-04-02,26803,83857,22107,66750
2017-04-03,26962,84284,22226,67109
2017-04-04,27073,84347,22382,67351
2017-04-05,26448,84720,21808,67832
2017-04-06,26036,84483,21449,67764
2017-04-07,25492,83495,21001,66910
2017-04-08,26013,86286,21443,69001
2017-04-09,25994,88257,21299,69877
2017-04-10,26839,91966,22024,72847
2017-04-11,27070,93104,22205,73628
2017-04-12,27078,93570,22187,73827
2017-04-13,27102,94245,22206,74325
2017-04-14,26939,93235,22097,73671
2017-04-15,24191,83593,19614,65340
2017-04-16,21484,74635,17163,57560
2017-04-17,22459,76901,18183,60175
2017-04-18,22713,76381,18511,60145
2017-04-19,24770,80584,20457,64118
2017-04-20,26649,84502,21987,67144
2017-04-21,26862,83408,22113,66228
2017-04-22,26964,81039,22292,64806
2017-04-23,25748,76184,21347,61521
2017-04-24,24734,72131,20591,58873
2017-04-25,24433,71035,20322,58165
2017-04-26,25137,73435,20918,60164
2017-04-27,26572,79055,22141,64950
2017-04-28,27002,82258,22333,66820
2017-04-29,26999,82688,22209,66522
2017-04-30,25443,76304,21049,61816
2017-05-01,24699,73163,20374,58906
2017-05-02,22543,65372,18204,51172
2017-05-03,23084,68464,18652,53708
2017-05-04,26207,79425,21469,63275
2017-05-05,26398,82640,21546,65762
2017-05-06,26692,83345,21800,66289
2017-05-07,26007,79161,21316,63300
2017-05-08,23779,69500,19133,54195
2017-05-09,22710,65041,18159,50264
2017-05-10,23239,67843,18660,52764
2017-05-11,25351,77349,20623,61397
2017-05-12,26318,83128,21488,66231
2017-05-13,26337,83913,21507,66833
2017-05-14,24962,78506,20430,62890
2017-05-15,23584,70884,19153,56031
2017-05-16,23452,68512,19013,53795
2017-05-17,24213,70442,19794,55749
2017-05-18,25220,74293,20661,58911
2017-05-19,26123,79303,21344,62787
2017-05-20,26303,80613,21471,63632
2017-05-21,25242,75414,20584,59204
2017-05-22,25336,74721,20717,58819
2017-05-23,25140,74079,20590,58410
2017-05-24,24595,75843,20087,60029
2017-05-25,24945,79814,20295,62924
2017-05-26,26070,86248,21227,67960
2017-05-27,26357,88632,21442,69607
2017-05-28,26273,89384,21358,69992
2017-05-29,25154,84656,20487,66421
2017-05-30,25414,85146,20713,66779
2017-05-31,25379,84933,20709,66719
2017-06-01,25779,86190,21038,67657
2017-06-02,25737,86012,20964,67371
2017-06-03,25924,86295,21090,67239
2017-06-04,25692,86283,20880,67226
2017-06-05,25927,87628,21088,68412
2017-06-06,25897,87594,21073,68444
2017-06-07,25937,87816,21118,68634
2017-06-08,25878,87696,21050,68491
2017-06-09,24937,84359,20171,65524
2017-06-10,23963,80450,19412,62533
2017-06-11,24266,81419,19767,63773
2017-06-12,24969,84153,20414,66263
2017-06-13,25343,84536,20783,66700
2017-06-14,25248,84065,20651,66046
2017-06-15,25015,82951,20385,64873
2017-06-16,24429,81911,19796,64067
2017-06-17,23268,78552,18710,60721
2017-06-18,22609,77398,18068,59332
2017-06-19,23518,80271,18843,61773
2017-06-20,24869,82640,20157,63973
2017-06-21,25559,84491,20786,65572
2017-06-22,25958,86329,21128,67106
2017-06-23,26182,87295,21289,67729
2017-06-24,26220,87616,21415,68433
2017-06-25,23987,82662,19250,63495
2017-06-26,25003,86320,20250,67046
2017-06-27,25444,87582,20668,68202
2017-06-28,25533,87355,20748,67949
2017-06-29,25338,86493,20613,67272
2017-06-30,25519,86348,20850,67648
2017-07-01,26301,89599,21338,69792
2017-07-02,25780,88861,20803,68803
2017-07-03,25992,89637,20950,69393
2017-07-04,24935,86438,20175,67106
2017-07-05,23362,81005,18809,62555
2017-07-06,23237,80308,18778,62294
2017-07-07,23367,80362,18841,62472
2017-07-08,23366,79464,18884,61966
2017-07-09,23264,78927,18712,61064
2017-07-10,23904,81020,19426,63286
2017-07-11,24501,82701,19972,64705
2017-07-12,24722,83797,20013,65151
2017-07-13,25031,85029,20222,65820
2017-07-14,24579,84090,19873,65464
2017-07-15,24604,83690,20064,65874
2017-07-16,23898,81649,19424,63873
2017-07-17,24136,82151,19541,63889
2017-07-18,24040,82110,19433,63740
2017-07-19,23995,82261,19386,63937
2017-07-20,24423,82989,19769,64506
2017-07-21,24720,83426,20016,64848
2017-07-22,24628,82594,19920,64173
2017-07-23,23115,78676,18497,60373
2017-07-24,23966,80939,19285,62287
2017-07-25,25383,83731,20666,64920
2017-07-26,25481,84347,20725,65436
2017-07-27,25582,85019,20720,65697
2017-07-28,24083,82403,19164,62971
2017-07-29,23872,81609,18977,62348
2017-07-30,21764,75535,17072,56831
2017-07-31,22088,76124,17493,57705
2017-08-01,23250,79316,18536,60388
2017-08-02,24215,81689,19467,62536
2017-08-03,24524,82998,19701,63627
2017-08-04,24735,84314,19858,64758
2017-08-05,25093,85230,20130,65501
2017-08-06,23051,78933,18175,59545
2017-08-07,23413,79057,18596,59840
2017-08-08,23503,78246,18726,59254
2017-08-09,23750,78666,18981,59764
2017-08-10,24167,80282,19300,60929
2017-08-11,24923,83634,19957,64014
2017-08-12,25175,84058,20224,64604
2017-08-13,23784,79261,19007,60481
2017-08-14,24538,80928,19736,62147
2017-08-15,24944,82247,20150,63447
2017-08-16,24694,82416,19809,63196
2017-08-17,24545,82473,19644,63220
2017-08-18,24958,84010,20011,64559
2017-08-19,25014,83916,20045,64474
2017-08-20,23435,78811,18621,59991
2017-08-21,24267,80969,19425,62140
2017-08-22,24512,81393,19709,62706
2017-08-23,24921,82341,20099,63726
2017-08-24,24966,82692,20136,64074
2017-08-25,25623,84952,20689,66214
2017-08-26,25085,82684,20351,64852
2017-08-27,23194,76509,18740,59809
2017-08-28,22725,74353,18405,58284
2017-08-29,22004,71244,17852,55961
2017-08-30,21790,70049,17704,55033
2017-08-31,22488,72028,18302,56710
2017-09-01,25434,82133,20611,64087
2017-09-02,26323,84257,21215,65260
2017-09-03,26133,82694,21044,64094
2017-09-04,21777,65648,17617,51567
2017-09-05,21475,62996,17395,49621
2017-09-06,21624,62985,17566,49651
2017-09-07,22363,63433,18447,50492
2017-09-08,20138,56998,16673,45483
2017-09-09,22532,59671,18787,47920
2017-09-10,22523,59869,18700,47883
2017-09-11,21569,56857,17808,45137
2017-09-12,19252,51015,16021,40730
2017-09-13,18082,50097,14983,39789
2017-09-14,20205,56146,16637,44139
2017-09-15,22170,63724,18010,49575
2017-09-16,24286,70991,19625,54753
2017-09-17,24282,70448,19593,54199
2017-09-18,24289,69973,19598,53992
2017-09-19,24286,70631,19580,54553
2017-09-20,24692,74332,19862,57405
2017-09-21,25386,77243,20435,59662
2017-09-22,25855,79473,20858,61546
2017-09-23,26521,81479,21495,63400
2017-09-24,26055,77665,21164,60595
2017-09-25,26009,76059,21168,59632
2017-09-26,25943,75144,21158,59041
2017-09-27,25673,75720,20863,59506
2017-09-28,25936,77660,21064,60953
2017-09-29,26305,79771,21312,62319
2017-09-30,26697,79256,21670,61610
2017-10-01,26402,74556,21429,57510
2017-10-02,26083,72776,21170,56125
2017-10-03,25849,71888,21022,55545
2017-10-04,25931,73937,21047,56978
2017-10-05,26011,78652,21099,60950
2017-10-06,26564,82610,21557,64115
2017-10-07,26725,84588,21707,65714
2017-10-08,26500,85301,21538,66598
2017-10-09,26234,83411,21354,65301
2017-10-10,25803,80718,20980,63189
2017-10-11,26069,80488,21228,62937
2017-10-12,26404,81758,21456,63657
2017-10-13,26522,83034,21530,64664
2017-10-14,26651,83533,21633,65126
2017-10-15,26316,81293,21410,63408
2017-10-16,26032,78554,21162,61322
2017-10-17,25638,78246,20833,61243
2017-10-18,25954,80378,21090,62932
2017-10-19,26358,82528,21459,64701
2017-10-20,26583,83940,21603,65755
2017-10-21,26708,83463,21695,65330
2017-10-22,26187,77752,21268,60535
2017-10-23,25824,74939,20930,58213
2017-10-24,25658,73940,20784,57419
2017-10-25,25134,74912,20254,58155
2017-10-26,25967,78775,21012,61448
2017-10-27,26655,81675,21625,63758
2017-10-28,26662,81563,21636,63611
2017-10-29,25631,77612,20740,60457
2017-10-30,24832,73832,20090,57653
2017-10-31,24282,71848,19661,56114
2017-11-01,24817,72577,20051,56283
2017-11-02,26206,76435,21290,59329
2017-11-03,26668,78691,21626,60871
2017-11-04,26865,80216,21780,61902
2017-11-05,26546,79462,21591,61465
2017-11-06,26285,78729,21439,61133
2017-11-07,26135,78467,21325,60928
2017-11-08,26418,80641,21509,62468
2017-11-09,26524,82703,21572,64114
2017-11-10,26727,83805,21731,65012
2017-11-11,26878,83276,21850,64841
2017-11-12,26234,79260,21300,61729
2017-11-13,25983,77375,21101,60303
2017-11-14,26300,78122,21397,61148
2017-11-15,25967,78247,21062,61110
2017-11-16,26296,82333,21358,64654
2017-11-17,26724,88824,21723,70170
2017-11-18,26885,92547,21858,72861
2017-11-19,26328,90848,21360,70965
2017-11-20,26233,91402,21300,71507
2017-11-21,26227,91454,21294,71442
2017-11-22,26265,91282,21302,71126
2017-11-23,26486,91151,21512,71084
2017-11-24,26735,90604,21735,70743
2017-11-25,26636,87992,21686,68959
2017-11-26,25556,81231,20699,63523
2017-11-27,26064,79314,21245,62212
2017-11-28,26071,77937,21240,61054
2017-11-29,25709,77134,20897,60424
2017-11-30,26316,79494,21460,62349
2017-12-01,26469,82596,21557,64902
2017-12-02,26664,83033,21725,65205
2017-12-03,25630,78704,20819,61609
2017-12-04,25390,76780,20626,60012
2017-12-05,25788,77649,21042,61092
2017-12-06,25753,77908,20997,61283
2017-12-07,26107,79700,21298,62770
2017-12-08,26431,82241,21483,64410
2017-12-09,26578,82855,21595,64779
2017-12-10,26036,79589,21222,62409
2017-12-11,25812,78338,21044,61366
2017-12-12,25729,77697,21023,61142
2017-12-13,25559,77702,20864,61197
2017-12-14,25762,80111,21010,63217
2017-12-15,26340,84232,21452,66269
2017-12-16,26537,86765,21611,68293
2017-12-17,25619,84919,20944,67197
2017-12-18,25345,84755,20759,67262
2017-12-19,25373,85279,20770,67650
2017-12-20,25083,85191,20507,67397
2017-12-21,25576,87624,20831,68900
2017-12-22,25206,86611,20381,67564
2017-12-23,25164,86616,20368,67593
2017-12-24,25565,88082,20747,68956
2017-12-25,25869,89757,20992,70231
2017-12-26,26281,91696,21370,71835
2017-12-27,26637,93459,21623,73047
2017-12-28,26789,93699,21752,73302
2017-12-29,26919,93653,21869,73245
2017-12-30,26950,92942,21912,72728
2017-12-31,26894,92287,21821,71910
2018-01-01,25683,87857,20729,67974
2018-01-02,25845,86169,20894,66706
2018-01-03,26693,86243,21600,66582
2018-01-04,26748,84429,21663,65138
2018-01-05,26666,81756,21613,62864
2018-01-06,26643,79932,21645,61574
2018-01-07,26013,76863,21164,59451
2018-01-08,25349,73608,20630,57030
2018-01-09,25544,72639,20883,56530
2018-01-10,25451,73666,20706,57108
2018-01-11,26330,78427,21462,61081
2018-01-12,26637,82259,21630,63979
2018-01-13,26735,84034,21707,65447
2018-01-14,26524,82942,21570,64726
2018-01-15,24699,73760,19973,57116
2018-01-16,24890,71730,20251,55823
2018-01-17,24946,72254,20286,56447
2018-01-18,25704,76250,20912,59764
2018-01-19,26035,79780,21115,62535
2018-01-20,26278,80631,21292,63084
2018-01-21,26072,76056,21173,59227
2018-01-22,26006,73851,21168,57514
2018-01-23,25835,72521,21052,56498
2018-01-24,25212,74120,20380,57759
2018-01-25,25946,77707,21024,60755
2018-01-26,26230,80174,21223,62746
2018-01-27,26447,80739,21471,63271
2018-01-28,25920,77304,21023,60242
2018-01-29,25179,73554,20452,57610
2018-01-30,25330,72480,20609,56809
2018-01-31,25092,73231,20365,57474
2018-02-01,25888,78301,21086,61976
2018-02-02,26145,81022,21228,64019
2018-02-03,26360,82265,21346,64814
2018-02-04,25928,79249,20986,62418
2018-02-05,25593,76145,20817,60149
2018-02-06,25184,72941,20331,56669
2018-02-07,25264,73900,20496,57962
2018-02-08,26115,79411,21210,62634
2018-02-09,26389,84014,21398,66382
2018-02-10,26786,86065,21749,67621
2018-02-11,26377,82465,21436,64587
2018-02-12,25692,78703,20799,61147
2018-02-13,24691,76372,19844,59015
2018-02-14,25964,82168,21102,64523
2018-02-15,26346,85747,21418,67346
2018-02-16,26455,88127,21468,69166
2018-02-17,26614,89296,21606,69930
2018-02-18,26344,87975,21390,68633
2018-02-19,25943,83805,21039,64897
2018-02-20,25732,81153,20883,62767
2018-02-21,25977,81486,21074,63039
2018-02-22,26387,82076,21396,63368
2018-02-23,26394,81403,21390,62909
2018-02-24,26545,80209,21545,62221
2018-02-25,25998,77378,21113,60215
2018-02-26,25436,73353,20691,57362
2018-02-27,25241,72209,20506,56635
2018-02-28,25716,73738,20895,57906
2018-03-01,26089,77910,21167,61376
2018-03-02,26347,80951,21313,63707
2018-03-03,26486,81681,21451,64257
2018-03-04,25786,78418,20827,61482
2018-03-05,25545,76151,20636,59495
2018-03-06,25687,74840,20784,58279
2018-03-07,26089,76135,21100,59075
2018-03-08,26075,77816,21074,60512
2018-03-09,25904,80610,20937,63022
2018-03-10,26161,84655,21109,66043
2018-03-11,25977,85608,20957,66834
2018-03-12,26126,85893,21102,67040
2018-03-13,26113,85284,21088,66460
2018-03-14,26028,84396,21014,65629
2018-03-15,25941,83879,20973,65365
2018-03-16,25564,81925,20608,63711
2018-03-17,24885,77777,20062,60589
2018-03-18,23838,73062,19075,56345
2018-03-19,24670,73644,19902,57069
2018-03-20,24788,73361,20040,56861
2018-03-21,25146,75798,20309,58790
2018-03-22,24950,76410,20212,59643
2018-03-23,24492,78088,19733,60795
2018-03-24,25771,84314,20736,65252
2018-03-25,25857,86554,20869,67283
2018-03-26,26122,88114,21037,68193
2018-03-27,26086,88532,21010,68375
2018-03-28,25885,89553,20812,69238
2018-03-29,25989,90719,20899,70070
2018-03-30,26097,91463,21030,70771
2018-03-31,26035,91413,20972,70863
2018-04-01,25766,91372,20691,70515
2018-04-02,26121,92809,21021,71878
2018-04-03,26135,92728,21029,71754
2018-04-04,26242,92570,21123,71637
2018-04-05,26133,90953,21070,70415
2018-04-06,25766,85918,20950,67279
2018-04-07,24368,76333,20101,61000
2018-04-08,23004,67739,18927,54123
2018-04-09,23403,67056,19403,54060
2018-04-10,23452,67026,19488,54232
2018-04-11,23420,69111,19339,55716
2018-04-12,23891,72633,19689,58615
2018-04-13,24780,76865,20352,61658
2018-04-14,25486,79401,20799,62886
2018-04-15,24483,75697,19895,59407
2018-04-16,24670,75955,20082,59551
2018-04-17,24453,75330,19804,58571
2018-04-18,24821,76009,20168,59186
2018-04-19,26126,79734,21156,61747
2018-04-20,26372,80832,21313,62476
2018-04-21,26347,79937,21291,61945
2018-04-22,25106,74553,20384,58284
2018-04-23,24048,70408,19692,55902
2018-04-24,23684,69002,19424,55074
2018-04-25,23787,70120,19490,56007
2018-04-26,25163,76239,20624,61108
2018-04-27,25795,79602,21034,63589
2018-04-28,25829,79560,21012,63379
2018-04-29,24394,73262,20015,59015
2018-04-30,23773,70218,19585,56698
2018-05-01,22535,65676,18243,51845
2018-05-02,23637,70049,19189,55347
2018-05-03,25426,78320,20717,62266
2018-05-04,26104,82140,21107,64745
2018-05-05,25995,82130,20958,64381
2018-05-06,24921,77658,20071,60889
2018-05-07,23473,69976,18751,54029
2018-05-08,22516,65331,17880,49865
2018-05-09,23450,69336,18819,53789
2018-05-10,25500,78621,20740,62344
2018-05-11,25824,81418,20879,64168
2018-05-12,25526,81373,20643,64210
2018-05-13,24223,75776,19555,59658
2018-05-14,23567,69836,19026,54394
2018-05-15,23555,67959,19026,52525
2018-05-16,24280,70097,19607,53897
2018-05-17,24343,71584,19585,55118
2018-05-18,24940,75299,20025,58133
2018-05-19,25224,76117,20291,58839
2018-05-20,24269,72503,19552,56122
2018-05-21,24304,72156,19709,56257
2018-05-22,23227,70293,18728,54661
2018-05-23,23087,72044,18567,55973
2018-05-24,23845,75970,19137,58826
2018-05-25,25453,83333,20484,64680
2018-05-26,25824,86065,20823,66732
2018-05-27,25367,85651,20414,66074
2018-05-28,23032,77819,18302,59256
2018-05-29,23252,78817,18616,60570
2018-05-30,23822,80646,19078,61901
2018-05-31,24054,80874,19339,62453
2018-06-01,24587,82398,19811,63817
2018-06-02,25049,83920,20193,64874
2018-06-03,24855,84123,19968,64680
2018-06-04,25643,86236,20707,66554
2018-06-05,25686,86583,20752,66793
2018-06-06,25786,87007,20843,67131
2018-06-07,25555,86188,20630,66457
2018-06-08,24824,84186,19915,64801
2018-06-09,24255,81724,19408,62650
2018-06-10,23953,81312,19163,62208
2018-06-11,24549,83662,19749,64353
2018-06-12,25029,83671,20294,64774
2018-06-13,25156,83615,20422,64800
2018-06-14,24983,82756,20213,63894
2018-06-15,23829,79907,19058,61252
2018-06-16,23159,77202,18500,59135
2018-06-17,22721,76032,18102,57937
2018-06-18,24080,80216,19409,61846
2018-06-19,24720,82274,19987,63569
2018-06-20,25081,83705,20271,64612
2018-06-21,25329,84807,20447,65411
2018-06-22,25440,85338,20553,66052
2018-06-23,25698,85374,20810,66034
2018-06-24,24877,82376,20050,62912
2018-06-25,25617,84709,20767,64928
2018-06-26,26001,85735,21062,65654
2018-06-27,25818,85807,20886,65730
2018-06-28,25743,86008,20806,66013
2018-06-29,25323,85096,20443,65531
2018-06-30,24812,84026,19918,64595
2018-07-01,23727,81955,18913,62517
2018-07-02,23758,82452,19014,63292
2018-07-03,24758,85822,19810,65912
2018-07-04,25536,88741,20538,68632
2018-07-05,24855,86047,19982,66491
2018-07-06,24749,85062,19916,65804
2018-07-07,23964,81931,19318,63367
2018-07-08,23071,78720,18524,60502
2018-07-09,24350,82712,19723,64200
2018-07-10,24644,83753,19985,65127
2018-07-11,24780,84793,20033,65804
2018-07-12,25155,85915,20392,66840
2018-07-13,25034,85535,20298,66651
2018-07-14,24897,84677,20213,66144
2018-07-15,24099,83352,19395,64206
2018-07-16,24876,85150,20046,65325
2018-07-17,25100,84573,20388,65508
2018-07-18,25236,84670,20506,65693
2018-07-19,25257,84668,20486,65533
2018-07-20,24617,83263,19864,64494
2018-07-21,24514,82731,19704,63822
2018-07-22,23376,79928,18554,60713
2018-07-23,23752,81202,19072,62354
2018-07-24,23895,81338,19208,62462
2018-07-25,24369,82712,19625,63745
2018-07-26,24116,82206,19347,63047
2018-07-27,24000,81843,19054,62258
2018-07-28,23285,78900,18381,59681
2018-07-29,21424,72687,16627,53698
2018-07-30,21706,73156,16945,54194
2018-07-31,22613,74395,17904,55636
2018-08-01,23873,78223,19051,58891
2018-08-02,24634,81671,19737,62003
2018-08-03,23835,81458,18891,61735
2018-08-04,24621,83188,19634,63390
2018-08-05,23531,79637,18631,60166
2018-08-06,23918,79930,19071,60640
2018-08-07,23941,79527,19067,60179
2018-08-08,24113,79601,19236,60290
2018-08-09,24088,79819,19174,60312
2018-08-10,24113,80967,19213,61746
2018-08-11,24098,80384,19188,61156
2018-08-12,22671,74996,17914,56454
2018-08-13,23364,77142,18579,58376
2018-08-14,23676,78220,18872,59356
2018-08-15,23639,79578,18658,59821
2018-08-16,23861,80249,18838,60237
2018-08-17,24700,82818,19666,62751
2018-08-18,24271,81204,19212,61271
2018-08-19,22571,76132,17640,56541
2018-08-20,23689,79676,18772,60022
2018-08-21,23734,79849,18820,60241
2018-08-22,24169,80981,19278,61559
2018-08-23,24281,81119,19353,61605
2018-08-24,24926,83035,19920,63470
2018-08-25,24499,80808,19624,62201
2018-08-26,22816,74670,18143,57090
2018-08-27,23069,73356,18451,56127
2018-08-28,22210,69841,17762,53462
2018-08-29,21541,67552,17206,51706
2018-08-30,21929,69441,17517,53370
2018-08-31,25437,81305,20532,62961
2018-09-01,26735,84788,21617,65580
2018-09-02,26409,82845,21311,64024
2018-09-03,21273,63030,17027,48916
2018-09-04,20613,59427,16504,46225
2018-09-05,21025,59803,16911,46743
2018-09-06,22603,64686,18194,50422
2018-09-07,25112,73715,20279,57508
2018-09-08,25742,76569,20757,59545
2018-09-09,24676,72665,19895,56613
2018-09-10,24009,69176,19327,53788
2018-09-11,23949,67692,19426,53086
2018-09-12,25244,70679,20686,55925
2018-09-13,26197,74137,21423,58385
2018-09-14,26843,78535,21867,61615
2018-09-15,26838,79187,21825,61868
2018-09-16,25020,73392,20181,56827
2018-09-17,24656,71560,19974,55795
2018-09-18,24824,72672,20071,56534
2018-09-19,24964,73584,20083,56645
2018-09-20,25646,75783,20716,58727
2018-09-21,26611,79508,21544,61865
2018-09-22,26861,80235,21773,62541
2018-09-23,25957,75584,21030,58930
2018-09-24,25801,74058,20948,57827
2018-09-25,26250,73885,21440,57672
2018-09-26,26111,75744,21159,58556
2018-09-27,26420,77702,21390,60372
2018-09-28,27032,81058,21931,63118
2018-09-29,27108,81694,22018,63681
2018-09-30,25748,75370,20889,58556
2018-10-01,26486,74190,21732,57970
2018-10-02,26476,73587,21763,57482
2018-10-03,27085,77222,22137,59565
2018-10-04,27273,83073,22252,64776
2018-10-05,27453,86502,22368,67523
2018-10-06,27687,88557,22514,69021
2018-10-07,27603,88539,22461,69135
2018-10-08,27519,86753,22425,67874
2018-10-09,27237,83655,22269,65647
2018-10-10,27431,84302,22425,66081
2018-10-11,27606,85721,22516,67026
2018-10-12,27411,86378,22327,67496
2018-10-13,27658,84265,22536,65264
2018-10-14,27682,79762,22566,61014
2018-10-15,27484,77260,22422,59117
2018-10-16,27437,76991,22410,59039
2018-10-17,27410,79174,22357,60796
2018-10-18,27499,84364,22454,65836
2018-10-19,27644,86226,22584,67640
2018-10-20,27597,85271,22546,66852
2018-10-21,26753,80103,21755,62357
2018-10-22,26666,76836,21736,59715
2018-10-23,26560,75819,21666,58958
2018-10-24,26794,77572,21858,60312
2018-10-25,27368,81621,22352,63774
2018-10-26,27570,84650,22538,66570
2018-10-27,27519,84079,22489,66083
2018-10-28,25998,77905,21079,60761
2018-10-29,25359,74786,20551,58342
2018-10-30,24868,73091,20187,57228
2018-10-31,25141,74290,20414,58099
2018-11-01,26545,78540,21630,61410
2018-11-02,27351,81038,22349,63270
2018-11-03,27251,81127,22159,62726
2018-11-04,27371,80012,22333,61800
2018-11-05,27385,80023,22382,62082
2018-11-06,27031,79106,22166,61664
2018-11-07,27157,81720,22186,63663
2018-11-08,27601,84453,22555,65852
2018-11-09,27681,85627,22603,66753
2018-11-10,27753,85621,22609,66698
2018-11-11,27590,84292,22470,65789
2018-11-12,27375,81306,22372,63572
2018-11-13,26832,78380,21899,61210
2018-11-14,27020,78924,22087,61692
2018-11-15,27462,83204,22461,65448
2018-11-16,27608,88789,22540,70166
2018-11-17,27753,92167,22605,72673
2018-11-18,27474,91883,22339,71981
2018-11-19,27202,92641,22139,72656
2018-11-20,27492,94009,22390,73622
2018-11-21,27580,93847,22476,73368
2018-11-22,27731,93878,22586,73334
2018-11-23,27606,92299,22498,72184
2018-11-24,27442,89884,22357,70369
2018-11-25,26748,84493,21794,66291
2018-11-26,26615,82237,21710,64677
2018-11-27,27039,82679,22119,65311
2018-11-28,26887,82674,21935,65241
2018-11-29,27206,84407,22190,66536
2018-11-30,27400,85883,22323,67566
2018-12-01,27624,86145,22535,67811
2018-12-02,27375,83929,22358,66256
2018-12-03,27265,82318,22281,65058
2018-12-04,26839,80757,21890,63612
2018-12-05,26951,81392,22022,64300
2018-12-06,26816,81456,21840,63988
2018-12-07,27466,84243,22401,66098
2018-12-08,27436,84264,22372,66107
2018-12-09,27081,82446,22121,65021
2018-12-10,26977,80928,22094,63950
2018-12-11,26881,80263,22047,63609
2018-12-12,26628,80044,21806,63395
2018-12-13,26964,81793,22086,64696
2018-12-14,26983,83634,22072,65848
2018-12-15,26876,85200,21935,67079
2018-12-16,25864,82197,21064,64626
2018-12-17,25228,80140,20525,63013
2018-12-18,24879,79584,20233,62650
2018-12-19,24610,80136,19959,62890
2018-12-20,24498,81443,19767,63549
2018-12-21,25091,84827,20191,65899
2018-12-22,25830,87981,20781,68304
2018-12-23,26098,89508,21032,69565
2018-12-24,26091,89405,21133,69895
2018-12-25,26598,91665,21538,71589
2018-12-26,27130,94117,21997,73503
2018-12-27,27636,96080,22451,75103
2018-12-28,27709,95981,22514,75001
2018-12-29,27724,95300,22553,74434
2018-12-30,27649,94796,22463,73958
2018-12-31,27714,94741,22516,73835
2019-01-01,27153,93502,22017,72673
2019-01-02,27725,94355,22551,73455
2019-01-03,27733,93360,22551,72592
2019-01-04,27456,91266,22362,71148
2019-01-05,26019,84549,20986,65364
2019-01-06,22491,71569,17642,53920
2019-01-07,21487,65707,16868,49408
2019-01-08,21780,64269,17190,48420
2019-01-09,24164,69026,19370,52394
2019-01-10,25319,71839,20455,54935
2019-01-11,26385,75315,21396,57860
2019-01-12,26472,75305,21443,57848
2019-01-13,24983,70340,20092,53636
2019-01-14,23511,64931,18836,49463
2019-01-15,22528,62357,18007,47535
2019-01-16,23169,66170,18538,50698
2019-01-17,25528,76592,20651,59714
2019-01-18,27163,84265,22072,65978
2019-01-19,27633,86872,22494,68131
2019-01-20,27392,86345,22266,67655
2019-01-21,25321,75867,20445,58873
2019-01-22,24958,72379,20171,56117
2019-01-23,25118,73511,20316,57256
2019-01-24,26143,77358,21211,60538
2019-01-25,26963,81173,21878,63580
2019-01-26,27440,82257,22343,64639
2019-01-27,27000,78689,21965,61633
2019-01-28,26371,75901,21389,59347
2019-01-29,25696,73675,20793,57564
2019-01-30,26369,76712,21473,60576
2019-01-31,27270,81881,22316,65302
2019-02-01,27378,83551,22381,66430
2019-02-02,27525,84464,22455,66946
2019-02-03,26978,81622,22052,64933
2019-02-04,25666,75735,20862,59610
2019-02-05,25037,72625,20172,56290
2019-02-06,26137,77072,21305,61008
2019-02-07,26852,82202,21919,65460
2019-02-08,27078,85144,22076,67831
2019-02-09,27061,84892,22072,67746
2019-02-10,26727,81709,21831,65396
2019-02-11,25738,74599,20993,59023
2019-02-12,25654,73386,20797,57190
2019-02-13,26385,77277,21665,61438
2019-02-14,26990,82796,22074,65574
2019-02-15,27361,87964,22318,69425
2019-02-16,27613,90735,22510,71271
2019-02-17,27558,90782,22457,71021
2019-02-18,27144,87047,22138,67971
2019-02-19,27082,84402,22113,65733
2019-02-20,27342,84432,22339,65736
2019-02-21,27503,85037,22469,66151
2019-02-22,27530,83889,22449,65061
2019-02-23,27498,81805,22451,63689
2019-02-24,27239,79271,22256,62015
2019-02-25,26642,76385,21811,60309
2019-02-26,26249,75232,21536,59792
2019-02-27,26567,77505,21799,61848
2019-02-28,27095,81092,22236,64801
2019-03-01,27153,83834,22214,66793
2019-03-02,27467,85607,22409,67671
2019-03-03,27538,83867,22484,65964
2019-03-04,27423,82966,22387,65187
2019-03-05,27339,83052,22323,65467
2019-03-06,27355,83479,22374,65921
2019-03-07,27404,84499,22445,66959
2019-03-08,27333,85840,22316,67803
2019-03-09,27473,87042,22443,68965
2019-03-10,27089,87191,22052,68761
2019-03-11,27278,86830,22226,68358
2019-03-12,27127,85490,22080,67104
2019-03-13,27215,85326,22178,66968
2019-03-14,27129,85966,22090,67570
2019-03-15,26968,85902,21965,67610
2019-03-16,26889,85764,21917,67787
2019-03-17,26993,86704,22023,68481
2019-03-18,27069,86414,22088,68074
2019-03-19,27209,85849,22191,67404
2019-03-20,27205,86453,22194,67771
2019-03-21,27311,86757,22254,68116
2019-03-22,27235,87333,22216,68795
2019-03-23,27353,88407,22307,69565
2019-03-24,27288,88641,22248,69473
2019-03-25,27327,89032,22287,69777
2019-03-26,27374,89012,22327,69625
2019-03-27,27385,89340,22328,69800
2019-03-28,27331,89451,22304,70174
2019-03-29,27160,88902,22156,69988
2019-03-30,27101,88237,22056,69469
2019-03-31,26632,85654,21610,67156
2019-04-01,27075,85477,22081,67024
2019-04-02,26987,84548,22025,66319
2019-04-03,26992,84316,22034,66085
2019-04-04,27119,84056,22107,65716
2019-04-05,26909,83641,21909,65570
2019-04-06,26685,80509,21739,63317
2019-04-07,24644,71877,20020,56582
2019-04-08,23593,67443,19285,53531
2019-04-09,22808,65197,18602,51839
2019-04-10,24024,69492,19763,55772
2019-04-11,24487,74303,20084,59826
2019-04-12,25395,79901,20831,64144
2019-04-13,26380,85995,21505,68132
2019-04-14,25639,85535,20896,67528
2019-04-15,26273,88108,21379,69279
2019-04-16,26606,89329,21643,70156
2019-04-17,26629,89992,21680,70695
2019-04-18,26552,90303,21542,70509
2019-04-19,25756,87915,20805,68334
2019-04-20,23657,80520,19016,62426
2019-04-21,21510,73008,17037,55859
2019-04-22,21900,73239,17523,56609
2019-04-23,22256,73393,17920,57085
2019-04-24,23340,75447,19056,59563
2019-04-25,24703,78823,20408,63240
2019-04-26,25118,79093,20868,64253
2019-04-27,25230,76670,21048,62815
2019-04-28,25409,74903,20999,60785
2019-04-29,25286,73082,20917,59346
2019-04-30,24136,69385,19719,55595
2019-05-01,25343,73955,20564,58682
2019-05-02,26312,79563,21351,63234
2019-05-03,26299,81230,21273,64181
2019-05-04,26089,80790,20996,63261
2019-05-05,25361,77075,20305,59936
2019-05-06,24256,70720,19259,54092
2019-05-07,23389,66587,18457,50353
2019-05-08,24538,71527,19620,55146
2019-05-09,26146,79546,21135,62598
2019-05-10,26653,82843,21562,65215
2019-05-11,26426,82671,21377,65057
2019-05-12,25454,78687,20560,61857
2019-05-13,25489,74952,20453,57820
2019-05-14,25197,71930,20341,55822
2019-05-15,25757,73229,20901,57055
2019-05-16,25979,75638,21041,58859
2019-05-17,26251,78798,21202,61379
2019-05-18,26523,79587,21525,62297
2019-05-19,25340,74382,20459,57770
2019-05-20,25755,74573,20885,57939
2019-05-21,24812,71797,20156,56129
2019-05-22,24416,72606,19761,56678
2019-05-23,24612,76008,19839,59193
2019-05-24,26515,85074,21478,66576
2019-05-25,26957,88785,21841,69283
2019-05-26,26879,90217,21760,70263
2019-05-27,24795,82916,19899,64038
2019-05-28,25622,83352,20753,64709
2019-05-29,25809,85213,20900,66401
2019-05-30,26054,85966,21097,66943
2019-05-31,26192,86275,21156,66967
2019-06-01,26402,86304,21338,66922
2019-06-02,25141,83695,20102,64007
2019-06-03,25666,85235,20682,65692
2019-06-04,26117,86016,21148,66518
2019-06-05,26369,86577,21379,67003
2019-06-06,26539,87061,21501,67370
2019-06-07,25942,84903,20956,65603
2019-06-08,25180,82053,20303,63223
2019-06-09,23909,79678,19078,60794
2019-06-10,24654,81931,19810,63045
2019-06-11,25744,83643,20924,64871
2019-06-12,26404,85263,21555,66331
2019-06-13,26190,85031,21325,66093
2019-06-14,25234,83004,20407,64375
2019-06-15,24269,80197,19534,61957
2019-06-16,23033,77021,18270,58415
2019-06-17,24109,79458,19283,60591
2019-06-18,26181,84849,21316,65791
2019-06-19,26401,85910,21472,66577
2019-06-20,26890,87133,21882,67490
2019-06-21,26903,86802,21910,67425
2019-06-22,26821,86158,21866,67096
2019-06-23,24332,80764,19449,61625
2019-06-24,25369,84188,20475,64897
2019-06-25,25680,85127,20820,65884
2019-06-26,26368,86761,21475,67434
2019-06-27,26524,87025,21568,67513
2019-06-28,26415,86836,21549,67524
2019-06-29,25792,84918,20994,66065
2019-06-30,22424,76330,17692,57565